prompt,978513,417248,224123,54416,607707,545147,453724,270798,483802,213103
Dl6 fBoQgkMDL C3hhCQGMXs3P0uFIXmfnL6OM 8b8K8ucT 7mQ0v i5Smj5CgWaUFxW9Q1XietRHuEyQ XhbsVbAril85dw0F6bDf0AhRfu BEqNYeis0woEcTM,4.664863109588623,4.979183197021484,5.52873420715332,5.564274787902832,4.231986045837402,4.729571342468262,5.289278030395508,4.724384784698486,5.586126327514648,3.9569363594055176
Me4vgy48ARPDgPVlwIYE1Q2imOA SRUTsN7Pc60RQlgKruUwv4rMrl1FSZk ceEYgXsyxMZUIehy8EhuTJFR1r 8gnvI9FbwojzW6JNb dep6AXONEz IVUwmtL GTrMKSO4PHJJph gcgb VXwGXRhIXjLKhPagTkQq3vAbGwa ihCAKubIrRUzbMVD plDpcvWjK49oajsTSD701S8T8Tq FjtbfVLRtX C1c60U0jmPFgT dEL585q9pdVQ 0WQT9JC06lIIDU6IgO6MMXgg7as pacBXarMaNTTLspf8q4ca YW0dhSx2K7M4O44dOyMZRwEQBaGF 7ksL9OB8O0P0eQUh 3mR YFTqbhZQOuusoSQas YQ9nSp6UL wzQUjNCL5PGUveE6wu StFLlgCOl6hjwq0N1CZUHZ2ADEGLgsw P6Vom n4TZewJAmDso7bCC8ok758LXIQ tvdHa4kJu6e wmQz9YvjebRlYaCgp5uZ0EZhug 3eO8VSzO5G4TfymGQzsckk d4rnmJhUG65cJbs59zKDe7HQVIj ZTkvdWXeQzdZICs2R7u3z1u2 Sq4Bm 9Qxm E6xx0CvEg rVwaXLp0cauTbhVeM Ubvvz06MOzo2XVQWJ8flZpwyzq oZ37w4ktuAqS5lARehvrfB0h8 9KQHsycJLM8WBu3Uvea7kk2Qxaih2aV MzjNmpCQIzjQ23w5Jc6b E4jc6qYif2m,4.68735933303833,3.2136292457580566,5.445622444152832,4.418007850646973,4.716063976287842,4.965562343597412,3.3547024726867676,5.698977947235107,4.687711715698242,4.402980804443359
09LQAsZ4ALzc0FZ6krrr rLjOA0Iosci8mfyGe 0is88gFHDv XnyZDKhTSWdXShugSMhb2FJlNgseOc SPNs6d4D4SD OeuTICKy8CfaFpiCjGUwOYJxpZ0 pdFLH3XIlLGHzkews wzcpY1gmZqtdHpPC4EsSL9kbRdJE B7m4FXJ6pEPTQXzzPYNsSe,5.115955352783203,2.992403507232666,4.3303656578063965,4.346956729888916,4.1946120262146,2.7262330055236816,4.662391185760498,5.43862771987915,4.570810317993164,4.420254230499268
muuKgpgeu5 a59JFq8HD7GM8A53qntIIapYvK ElGOB1SCgamj8rUWpDnCgKmi4 rn31X6WfMF8OyL9KS4dVom7CBmnWSwi EAG kDNOmG jvMu ZhIjQLDIKOkT2OXUQCYOzadFAL BV3d7lD81rPz2E2fV4BtCMiSOi8cgyp 1ln0xFkH8ZX4c5eQeqUsWgVpW VabWGP29fPO0e PD6DxPX1NtnSquCxlSqeM2xJ DSseaVteBOYmHHZcKMNxXyeqz6Gwfc WWyy5jBgy8etQTehkNP1Vu3tYF09NKl,4.927321910858154,4.33033561706543,5.610694885253906,4.349484920501709,4.64825963973999,5.460280418395996,4.8812384605407715,4.447232723236084,4.719519138336182,4.782155990600586
TVphwr727HsJnUz5PAQzsZfPu m0iuTE7b83JuXUKD1okgAi7hW VRc3PpjeIHl8q62R1OBY0v5Yhtb S2jUKi1BBhan fXLCEiid79QAE03tYG ub8H8MqbMAt MfdTK5127kjLU7pbl7VbztL 7tp1d 7DX5joSKiAQdT353H2u2K4Ue FBKSEYeSiU91AZRhw2Olsm 97DeeEMoClOD7wwsIUQ 0RghE QHQ8ZypTclgoR5F USeuKc9ggf7EAVEbQ3BDMemDGU2 owDlQgn4yKWKVrbfi Rbck04rynwkhV0tM74Fdlf jSObyG7ZLzgEA4LDzoDtl1rL PAzh9Z1WevTXhN 7BLPq dkSM5rDyq9MHo49W2 8PkeHgz3 XnOBQMVvRKlkznssdHmpNv23 HZKbtpThVnSrAUTl5M5pi9 Pu4xT qjKtrooX8VfsWshUQXSVlaH 11Hm QQrnmfEcBjBJ7D9wNjlMQP3bMITj si1yqQ6KZ3waGCYTx3TfajES UiqYKWERkCz0mEj2Z 4ylQngeqAT0m9U1HFnLC2yXbY4NH OkFns4mNyZzANBnUoF JPxN4a QPO3762hg1CLIb3i0ELXxwE TfsVs9TBlV2vzRO4Fp ChxqqzK bKMNtPa5cJk1UQpWEScDEmGJ68eva P62baSzR7n2aeYFB2mv8iHti Pzb3C8K4n9DrvLFHfoQG76 l3lkhI2uGYvMaL8Tq2szksFW3DuHxe 8ghbEjot5G0KEDM1fdjcOZ9bs SvSfJXUSeVNdfJ3aqP9DI UjB07 Auvk7KMv ZGHkYtZy12QYONY EUbPBIbEoWBKD7LauFVn5vhI h0MiIHLvYmFHK2Dms6z6T BxmmNDGEAhx83forTnjinOMHAig9 uHErb1OtjBrHecrPRWrAtzARCNHq xaoL86BL1x UpkiwDiZKGcs,4.121459484100342,3.2292308807373047,3.800243854522705,4.07403039932251,5.201327323913574,3.6805715560913086,4.683269023895264,4.0534257888793945,4.690516471862793,4.100274085998535
4U9Aqy5NLgWV561btbkE8YzgEC kOblJODCrPziIy AWdTZZ07ryqiwFXGq bUaNC7slMwg9wAvIyNm4W6fTtuUk 2T5PKB1ZI1NV8hb AgqtN6VNB9TlfOo 3k4RZGI yqemjrBwkruCgyEtY8xV6rpEA A9anbrh2AWLs4minfe lu8JJ71YYWc8vW7pT58uG5Xn xxR2TGIA1pl1HNjF9DCoa QHTf95l9fiG7SpQQ 6UTpb06vt U4OQ6sMrEgCH I3X8cTC5TL 10Mg6i5u4nDN92aGNrMeOu N3Dvae9hb Kz6CFB3 q4WrnO4TPKUDLSfo CIeeocxMBEEjF16nwK9xxf7W cMs7bXGGzijOSEtTcH oWPexn gq3 A3HtTh5km 2FS,5.004541873931885,4.346803665161133,4.521701812744141,5.595566272735596,5.0814208984375,5.375853061676025,5.380773544311523,5.655444145202637,4.499913692474365,5.184453964233398
SMGetc6Gpz3CgMUlRp8FGn5PKcb UzYdrb3LrTsNE0A8qZ1RnvvAlW0fzw v8A6gRnV0LaPq MO2zsjITUGwwszjSpPIBD5OWn RPY8BjP3mKCTgPlu20YQx DN84uidFMHpbR87tQFWUY606A xkVL5ofUzgENxfIqMnBkDU4HU7NaREV D2X4uE4JgYrJLeISq J2qj2xO i1eKHfxgmOcXnHM4Bny 1ACz8rBA8rDBtmfo1 coQRUvlw3SV1dk1BAOM1N0OZSl 08ADfeu57t 8cNp BSP6udflwZ9CzYGJbIVeymn Z8PAzl0cisBx0UIHqics HSbTBxSaZyDYJCUKhG WxYP8dD5OZQyI4Fkvue QvMpiYML0Tyvq7PIBUK92bzYOTa 0vxDmpwGtAh3dSedrVtaE5dkTH ozCDC5KXJGgj0YfSXSLXijBT hBj8BofDV1j9jH4fqj1cow KzDNfX4rzwPSrQMcZ3EE UvNvoioKP9CyGP5yS aJWdXk1FhDmQNxmobEClKAJU wyKX0a48sTb YO8YJsEAx 0l6OrF6AVGFvf9bly coNG8Rbr7qAzbq6qfA05jW27vyVX WpksF9hlW eFmGjHFaJlvyUXqqS56WFA Ds0iTaA40YKhMlGAFL7X3pjC9D cd7WBLvCOh6USi9 T0zmL5SOvQ 0yjut5ZYDw FHUAj7XZMOLqCtiNu7kIm eKfuhE08HnqKTMam gZnZTDbNdo8JYzxrycvmLcD0cwmQ l1hNipwaJ3bWzr71AZQ3 qk8XMd79olPUmO9jfM rczXKaEPcbYva q2b4v0U EO36LcOiUXiGurAIM3pQWbUx6 M2NOW4kbDruqjjeHzQs5Ar7mHyiSKf rgfXFVYro4hhprujCvXYJ o1NaiRwgDJw ezJZY79W8OGOKDf9U mWY aPyu7AvOK3Psy1 u32HsUyOJzjvRBB0h4,4.995257377624512,4.033512115478516,3.3146281242370605,4.4310383796691895,2.864109516143799,5.418231964111328,2.539252519607544,4.906052112579346,4.776462078094482,4.037618637084961
lp6ySdB5nKnBc UzNBjlQvmBc8kJ GdXweT47F5867 stTVhqIA0ltU5HOOTvlxeElnK 9EKYUiAEHnGWSLrwcuOYs5Lee4Gwuz 93sStAkZNq er7QNuNH1dUz5h7 LE08beGOWUDkrLNElC dOii7pr JpJAF53YlrAWDEChHVVbQrqyWFKLVT Wo2c1fZ82j1G1ZcrsU mECfEhFzoHqfDuuYR1o87VXn lz2yKtnl4fkdLuvEH3SL 4H3 vK3p rcZx8rcQ9ZyFvkSRas1yA46cvrTw1h pzyAt42yYYcYfJD BXiEyGzQ3P5aNcdoWSWg8Tb6 BzkgQVBOMU7BYil7Ll3eCb2GS Uwl587W3h0dcrwYPAp36Y9e0c8eLBen c14O5JFSP hi0 71ZC Tz36rB6cpOcyHvBuTUnI mcvc8AYpohPUv3fM 3l42 lgTZCIeo4 Y7sMiEoZGgPAK H62H0gw4CuWM65UsZGsY5VHH3n0F3 hHGIKjLie4iVj GAugKbmwJOI7aG6u2TQDRpsWgGZpYxn dWGDqav5VvjVNONrxAlnBZud Fda9DjxoCrsy6 d9vEa4dfCHXz6RJfkljVDT61 m8LjQMM9eBKNJaZONfEMLcy4PeaiP5 ztGHrYkLevutLBKIOThdScK 39OSImyOMU2KWHhXeqdHHDB7bS3Nmi2 F5K4LxfjGuR9ZEn SfYZspVBQSsqzRP24dJQ RAGfKnegP eueLVEzz u8jHhNLEqFotlhKPc oAQ56xnftxRNjKBULoF CZiR7Ji1iJLj3SJzLqJkBqJxaeJpjHt IHdmi sP0K6grvcxaJ1mf4WKfT,4.993444442749023,4.708168029785156,5.431121826171875,4.865902423858643,4.738040447235107,4.852516174316406,5.057754039764404,4.697612285614014,4.4338555335998535,4.946313858032227
0rg63ZDgmzjGvkH2tcddYBmiHV hS75UhYatsH IcVmH C8fqplxDZlrUE2wg6xPFgztMI q26AaSAprI8B9rCAB1nrZ94hlDZ Ihl7vxi b1AHMVOhgRE4LdOc4kK rCbEmaxlRWhJDRBk8 CtpSw4uQh69nfXyE uxnLQWr 3HkqjD0XTKesioAj0 GyJe 2jH10S6C172jr1ETwsalt0y YC8HJmVebF0b9Qz ycGtkaEV6OObx2F9nZ87mwICZ05m 3FrKXz2XpGYloXcQgURLMNEI9 tcWlR8ADIfDz 3EHSK OWRhM35ebu hGKSoGveoAevIl GBs2ttFV5NYzB0IEjcve ffq AjmgJbFqnyHGGqy3nY B0CMLzYQtl77rhWLjh KtN UeYZTjSp5ZOizvHQiXvSx2Lhm0f jQTvaA57YFA9rL2 3wqOu lRntkhR8Vremc1yd8 eqeoq4vvE3i6 Zm4eH8fhdOxnOEDSYQ6nyc1V5etIC A3zSmdUGGwBK3Yh0QTUA143 moJtn Smuxk8gIuB kFx3XMOJWyoKNlUav3EF3ryv v6LjcJhLMO f3h8xxlJOj9kJXoibvPBQK 44qCAIXBtraLWSealRCEergOhL gi0XqRQZPdhamYtDBNxk BzBCmQGCl dSLQdxkSwpq2D3smBkI LD74MNJli9KLK3wZxZvenvD9Tyll71x hzvi06WYJGveKRZxFFjZ DOYhWJZ48NUpj9wtV9j5097vUaWx 2GxK QoDiUFV7N5AeKC,4.9073100090026855,3.6394176483154297,3.9092459678649902,4.296645164489746,4.764988899230957,4.572052955627441,4.948220252990723,5.522077560424805,4.639480113983154,4.428945541381836
GBwdjQo0zDuu0W0v6ViIUdwAyfBYy c6TG1UoBSzS6H2aLU4afcjgCSr Yi9vShZoc6YHj mxkg nTriCPHhVDGj49RlWC qAIKMR0 a7y5wp3Qmiu0POEogEeZDecl Z3qZpUlNbHQYa13EY5D7WQza F7t7o8oFclz2HfXR 0kPKA9DKyoM2F Rv9zUON DFNRShT1n tMgv70x0hmJCBAaBvjs 1yFoY4Iu3knwyGUY5obru5F5 fHxTthzglBz0qCn9Pb80yjDx CPXT6u5SSyMNKsKnVz4BLDbxJp6T l4EMbRz3SkXSGXM3bHmq 9y2hESvi4TeOh9Axf g7ba3q1FNGEvI6dFiIQv2JaHA IM9zBJ2XbwkM 6dFD8N03o3yW bujxKeda OOmcvSTkZKYsPEdR8bSw roX0HZ0v1wzbv5XM0HfiXuDsl PvyFI0IG fCdNcXi4zXM8eGkG1G1 U6kw3fr4Aaz i3APHPSybe2zs1WIc5NePhwvkavl9 n1DRtOaF1kfH0hrvi4c5jhd85 utbZwaWYHp1ewdVu2TSdF3r vCMGa4y32wf8WRs1pzSJ7KVcTfL7Q MG3WnfLkajgn4GkPgdCkhhbvj84o4 KDJ0sVmtWSLdq5vs r9SelS,5.12771463394165,3.1718740463256836,4.822602272033691,4.304315090179443,4.680272579193115,3.277804374694824,5.510166645050049,5.543630599975586,4.706827640533447,4.655483722686768
yShej9 yOqHjyawwpxgfFGN6zOINf7SQF5pxz eniLaD9v CzU1 sYwE6 Zcqc5a6yfL4x tqicMNT8UHmIcNQYRLoNBeGy2cR dkUXx 7zmCEi0N8pTs40WN6tGqK8Z0t 37Jgm0TqoZSZ9NRwh dAEt4bw7 WPR 7hUXi2MFnlh1uH49uQw14Ka Iivm6lIoctzXuHYLPAG YfWsn57P57sx384y6KRT6DNl 2xtuFJIxz10V,4.923677921295166,2.835371255874634,3.6318182945251465,4.772802352905273,4.358671188354492,4.317990779876709,4.050412178039551,5.098987102508545,4.236755847930908,4.717272758483887
3dBuQUaEQCJfmgJw5s2P1h BIQgEDdZ0dHzlTap Zk9zucn8iqs3Y rtYq5a 3gV1VGrpojmzoeEJbGhTan5iO0 ythI dLJmkcnXNNx2rPtHuU6gkkfn32Rb j3wSXf0Wx45M9R9fv3yP UhT qjDN6Ugw ErKpj2Rw5 rRrg 67FVICakubAfQ8ItC17ixGP1O abEPzoObIg71dWQvNH1oGPKCtc eFi0xmB9q p8AmOPfe2Qtux2dAAJfxqkT80ErIQTf MGM JuMm9z4SXZQCg6OmPeH8yP4rnHHD VxYxJsYP koJeeAe07a f0pQCDLfWiLJpXL4mUME5M6zKlGgsj9 hdIUgxnHu5ipiMl6D0CGXEJvZM2y 7EeQLkctrm m5CHqzhRSyoUos8h7OlpvoiPCslcv1s YDmlgD7pHihd uIfD217EWFDAH9FGnXhcFXG6kXrx SBkXtmz9qSx 83GDLrYglYqu0rXmropEp0cPO pDjcGqYSZVgL875NMVw92Wb37dE4 0ellbMrFwYPXMd4fzbnKf LcC2M4D35VyW7ezlXyCKbxlpgHWtV QZBNjZBkwzlVxu5QDCg9xhXlDsblIv gL4PAtWEia32NCuyJb4J5py9eAE3o UQ6CCpCkhjRr4CmmYUDNmAr9 FeBnLsd5asEs3 g9oRHfKluJLT R25IgqugKxNahp jbKRuVzWFa0DiY drBZ9XURx3P DowJeTW1tnKU50 GQiKZzRcO3ydC0Bmy1RBc9 jA2QBlR xE5ZpgKKK IXxVzzkbjI joSPzkhY4 CdUV5Mgv5qq,5.04680871963501,4.4546990394592285,3.8202638626098633,4.954278469085693,5.122029781341553,5.489165782928467,4.678791522979736,4.8464131355285645,4.756436824798584,4.568043231964111
HqAV9rE6x6NWx PMCbmbtWRsKqcFrGnfIFVixMb6 uOofKCrUyh0SgO9BfOKk 9agzIpeEnuNhSNcaWH9E EJt9gLZSG7u5D5LEuHZrXx0pu vkk0BFs1rnB2BVCIPZqXavT5TC tON7kOE0Rwf1Upx zuvOxZWMU3B5NOCuVDDHff7ND5bopLK LFDJ7Z68 lR5fxkgOIDGvcp2qOCHaHbv33DUC8 NNKhEos9m8NmZNKAhueCzwFQh VofO3yqRu7wyRrDLJay4N49yUm yXNDyH388cVqHp6eg9ODsww3Gj wsnhlDepbOmacKuzz2ldgPAn8Yx JADXcs4 mnaAtSBOhu3vNcx uSChDa6eyi6zZvkIDKCfZQ6FkX9SF f1d5ya rDnZ EtvLjhCcpJo2jcQuhOxxjxMNO mLXA2ZdPCHBGGvJuBNicYwRraerT7 3XVWpHVqtpxPgjeyEvLj e0DwZDBYI3r X07KFwyevh6kDooc3FVzTp2agyDoyUt b9d2kfz7hNw6TH nSwMqd4KqdBW2ee46XoQB EiEQZVPlS9MZgalAb6b yJBntjUaw7IIWmTGlpR 7lJUVguhdg vJ7EWgujhBpbDANswuX4MvJAz1 hGW94Q8lvZCuhlLO0dFcq3Jeay1v g3mgPT6MsTT0ia487wBRs3 NzN4nAxAP4VNuQFUX2wTVbhNkqDD WBEKWipCZyr5al4NhLo77DRr tjbA1npor38g5p6NccKdyPl49 0oIuJe61JApeefxTmxHaiA8nMGDFf 2RySAEL0z rD6XDvYDCHGjvt3jaF 0haML2Roak9YfdusiLVTferRwoFR l4ozFqAhKFSxOZYQ DEl T07HkLDu8F 8t8nukzpW0ZUrZSIyeca 5sv6Xh ILEiEDe 0wITzdk63b15 Akjt4puEtKrGVAlTueRty7CZFPYh,4.786006450653076,4.371342658996582,5.085479259490967,4.616355895996094,4.633454322814941,5.3772969245910645,5.501561641693115,4.92371940612793,5.114310264587402,4.695869445800781
mb3LxqqdcTarq Ny7e855AS hmCeJTj6Pt3FmTVBaVQs1S 0FNh1cmhV63fgE7T 2ggA5PHcCIgOnzgC9fKSrrZUN8Ow xDb5D85T3sr QJCI4h1TDJzIAfhj WBbrzbvUXOQT5BMfs8sJb qpmPkfX3DjauWK956N7gcjgK8Yhoz3 ivTgAMHvgv N9lf6RDe3HHGtz3bNkbhmRLzy ruUbby PqsLr jcDfOpWYelRLkTN5ZGKD7 tbkudso8 ypQJr7 BHK5t09u0jWNg4TjNshOP N36KUoWITXdhskNZbPf5R miDOhqc0djbgNavg iCsL0KxC88nBOj8WIDqHidlwZRyCwP 3dJTiCJQqdPjxY r5D6FYgZ xGRKtPWsY0ZLOXIvjeOK8df3pYtj oHC2ZdcFAsq0MV2Pfw09QTb bJRuN6tiCG09Wr2F l9AM5ei9tRpLnB87Khk4Scugr C2Rjor7aRLiceKwi4jf8AD07 NWOnwB2l7PkCX gd5HrzPe5ZHUWUCmHpJEkdmV 9TyvpdmT8QqdX6VhRTFGkcQeC yqHJ7ICY6AfTc5mn L7xc8iZ6ufMA2MluoMM9BDkWsKH0 8NuggbuB1W3GqesFiD1IKFXPngYxFU w655x8yVfFRvXM9xal9sS0GEk,5.114823818206787,3.6179604530334473,5.190823078155518,4.9714741706848145,3.9737014770507812,4.631204128265381,3.185616970062256,4.074278831481934,4.6472320556640625,4.883512496948242
FaWA7 h5RDdF7yDOdJ Ut10QBy9VbxOuObeTmBK uTpGSsnDl24pEa3HhtvIStc7TQHZE 1aj26m ZGWrovHVQfBQ66fW4j57l ofi4BIGTBttresUAaDxx yYoelobepU hFBlDbyZTCmH8eSHzezuWvy zIS5 ahR3 1kLNlPM40LE2UOwdGFmkv CNGsfBLXc6r 1iWK1CNQ0zQDmhzL7GTMJz7Di7oNI1 lHEgMigXlrjoNP3UDKohHML h8pxaAcqtDXtRjxHbHj5gav 6IcXUOwnALP GyrEv9HaGyQ4w1MLN99VicA5yytMXW 1UrFpLzzgOmCJa8m6 pxeNdpHP9g zixz8Py2t1bjWcYVasa9mhWJg7 HBLD4IrlzTR9c wOt01hMSx2Ju i6VMDhxdlMucfW8v4pApC0jY85Wsbf vC8iDHRP8o FreaMjCrC6W7aI t3ZYC7Bt tGvocb60LMWdLTRoTZ J71axMTiWCQiA pXPPEmOm0xTCmr O6okoyW18YFGqjpwP GeqQ Mjjawpllca aB1z6MYj8h7ol PUhRKfRTftFs2pH5beV f6oKdICSQ9OGa,4.710686683654785,3.0317702293395996,4.891534328460693,4.555126190185547,5.019808292388916,5.225477695465088,4.968837261199951,4.801144599914551,4.9268693923950195,5.020787715911865
Zbdel S88LozvaAdsjvFZsLTsJIKb fOiZm3EaCU13rsj1XHFzt4xBafeZAw x4WHw dPeXZ8s3uhCSuU05V02iDZbbF aMl0y5e9V365sUZ dZjaLw3t9vnTGYOt0be Dk01DHMsosUUp9JCl040rV ybV30P B5YHioK8ZqW83Id5HNRbrmDpzhRb RA48hOHA3XeMk C88xSsHiN THRexnF DCNI8uckS2uvXH4f6oPHhfgGgws xaH8kMJVEf7mra4lRNCHmZTP3 wEAEnZ1gbGSVU02KjXe6n L2U9RAiwsUZC6 Lvc4FZC3hdPcV8OGfEmoY 01HQWmhQTExYg8iFgM3ynnEAzw HIYyd9LXBX 4prxJh VnYfKFcd2vGDve7PPL BpjWEDNBD79OW ZqQ2dKA FurlYShx6XdSyMowGKB8EcLANoW7xJG PSmKxBYBzPlKiHuxJe dmSDhrp60pWP yfA1BALYfczFjWjWbQ HeJrd35SjMF 6wY3E1uT3E7LQlVVfELnkV DrjYNigNbm9geKHPEQqRh5d cGGUhwQA5UGoDPqBCs8zJA6KUNW5Xx 9HXKh2SgRGhcUoxLczW8G efsHF nkK3in74QWk45TZ wDrop pen0YoxtZiMwm hqb yjzG92z5O fBBPGgVbTXPEyeKNEljRZoz OrPkZ0YpNM qJQWOBM4FfCC27fMmQDJ NFK14AAFWAPDrk2bPBI rAokhiY2FVvC6WlOUCQAodxTNsL iO79DeNd2lwSYGrRAo2rd41bfv 9AGPuHrkdcngG fasDkKa0adImYUotQc2jvovNO0SGvQX 5rCTXxo 809uTKUyprYs69Wzfnsf Rjr,5.141984939575195,4.111466884613037,4.266995429992676,5.319632053375244,4.998775482177734,5.527681827545166,4.086962699890137,5.24155855178833,5.271040439605713,4.141269207000732
j7UQvJavlJxIxkYvozceMKUuTYqg RC27OBdOtlOWyUmMDHvvngp8 a7Vg3GLLGqnMTZHcZqh FgT4ZxwY67107Tal6 B6qnTo2jNJKs1sP1hncA8oKEKO3 MN48xiWt1mpGmrxhmM8jGL 5cgfyrY hv0L7CrJ27 1sEjvvoPIIJ8VMMj4InR O2SET j2TtxUUJWB45On3RaA5VVa CwRlDhvOl6H2Q nc0VQTDDHBOJeqJF6cjFlBKlkeN6id,4.810128211975098,4.1022443771362305,4.048954010009766,4.057431697845459,3.957490921020508,3.5902466773986816,5.029101848602295,4.377511501312256,5.621079444885254,3.8576407432556152
pUrdudZJTV3k7cZ944n HYf6eWOHClxwSzJYz cUzwkCUh8D9 ZhoNPOqfXgyPmz qaVE1meln9fbdGIWbHp hRPJ72 qOiMFtQJX BwM5jkTjVKymyiMlMen93g8azKli ODLkAJXhBiD oo9gS4UkSSz1r8od zcwFVGfsdWgRax kZuoxlAd656oNSS8qlSVxdtUXoNXJ MPEtgXcffeCNYttFxWjxZ YCThvlb7Nz18vGVfmQEQcYs8hjg2bW 2Z4E 5GM64AaudNu xhWMITD8s6kq5sxS 9t8RGN3OqIC9mxbWBzdBccJh36HW fESVJRoKBbW sYiRnKBS jY6vcBGjCZlTAgcLnw9r7vy4izV LbRknE8vjPhg05yeLnQ25Uj8ORZz 0Z9hizLOUJDK4Vd7nBgWV9b1Ycfw i4HuaHcz8Sg1xuENjMTjyAo mzhiMDZD2RBuPFV2kjWzaGXG79 TPp6GUUUOyHz41vxYEBi mW7Ooz5BMgiuJMsnfhp 6EDAMcAhEysBAVpn1boOtiiKIfk cSrabgVKLdHaKFBT5ftcvdXpnO 8prGg4qjRqtjLvtvQdwFsD4qRkFmNp gDMLFXjZJTNRGRRKDO7vF ec3twEX81Nu3VQ KeIN6yMv COe1upgoFxtwf5OFiwQdNdfw1K Gb47qeWKjJPTN bZedQLbMUjZQgS VMN6b5WNfePUtXQzjdcPNW2 RooKQ5A aK62r 1I6Cj8SqgJh9WMY BPokV3TebyqpKQWKqEzFqjQ 4H8gfADCVT5uym7TG7EhUPWvQQ 26w9ZjywAkk VG1BN9zYfFG5QNhim3 Ccyl7hodz4 VVqIzSO8dYXbwNoSopBtj48vLxJL HRfyB6nG6A5TOCduCFXG olF8BE3gmJzsROv5eYuKbGDprB M9YLr747MH2,5.476855754852295,3.4766883850097656,5.321111679077148,5.24252986907959,4.739419937133789,4.889950752258301,5.213862895965576,5.947282314300537,5.154216289520264,4.3081464767456055
LYw58SQ s4dlfl7dp3 nS3I7Xq2u4UiNXy2yz KaFFhJKQL5mK2ST6v VD1i37bv 6A8v28tTjm401MxmIRx3qXNMN7O8gh gRFXq GuCFXi sW4mOSuRKsp2EzBWYyTzWt4s 0JmqTYGZ5 7bX5kUQtB CukuV4U xo3TP i1aayPg WWSg Nqy7bsLsCe5CZ3L6D kzanGKl2stNh ajmqWZE8bsKHezL66,4.244102478027344,3.2084569931030273,3.795553684234619,4.288878917694092,4.783772945404053,4.566219329833984,3.462345600128174,3.869497299194336,4.893150806427002,3.747788906097412
DQzLZmpz0yXlo7LO takpr bsak9aCs 6zOO43OVj6xcYYbL4kbGyoPeCEbz cNUtzk7dEwQLeX4Y1qFOY7sIxC WeL 7CohbD 8UBhvv04q 8Qe BpOXE3E2y9r6U wD4E hndMhlFzgQ vc8GH9WsPzvS7yyy0HhQYB5LF LfT5GxoUMaJ6XqKk66 1x59i9yJ0e LLpXiHIqudHInOWkUaArJs2tgLQD EpdM7OnTFY7ofn6e yJXSEvpGeSsDdAvpUciu3aFzLSVS AryaBJ7UodN Fw87g1l1hh0pisEieVA 5IC1R446O2 HuzoTaf9APwSN2FNbGm r65eABq8v1ojol3w09af3tPfA17TSN O4fsiom4wbP0Z9o kADqTVpcRIEdM98RotSvK1imuHu jhyl3GTD069QZnA3t5l9zwAt,5.1123576164245605,4.57809591293335,5.21210241317749,4.85645055770874,5.643138885498047,4.5789079666137695,5.114614963531494,5.411316394805908,5.101325988769531,4.662144660949707
alGnapKOoe XruJ6GTW5mOXYby08WaxN2Zok YyaSCB0gXjbG7 klmA9AciIqjurKlzQuujsc9 sonY4QmbPDcGVy mlznzO 4wCuFQ COjtpqbgNzR3ao0U7fTK8reO oK3mjYgXqoUorQvX3yNL8 1bebS5Mweh x70cwnaRWYVePzOFLJ vwkhVoRL D0Ic gKNt FILeIP7TeZs tUJ VNKhq S1BnGF7GWFvGLS53VqRNC4FchxOYZ aa6lKjD5KrVXIUh5KEESfqqMTcF,5.062363147735596,4.9455108642578125,4.116992950439453,5.348265171051025,5.2114644050598145,3.290921688079834,4.069127559661865,5.69456148147583,4.90676212310791,3.9517064094543457
VPflYC9lErrjQIMk08XfsrnroA zLkrvK1AyomArQ73eWZkFD2m3 7WntQzL4nsAuKig2kLt2TxE dgj7iFXj9 fOvy6B5kThJqkh FZXxDZKXMgdNOdb3gJNFkgTgjrlVb MsevqMaNem43rogOVP47GtiBs RIVLN2P6zYPdzlK1AgY6WldBvaaGR oVO5cRfHqx7PbBCsvO p73EcbHIlXMKKWhr 6F5eBaOt1JfSjEoy84ms7OFTJPal4 s3JFH2uT4RWzY3d9mAxNl2pDgFgmd0 nN1 Iqn8 nh0KOzJdnIbAowRT0 kYQuJ6uCzatBIKOhGWW Rr8B2sYeIH6Bt6T J0cv6hAgu82Ss UjcugYkcF6zkm1FDNzgYPVe1JSccdDh nUIm5iOwFTIUmDuF08Fa4s RCTvGyI 9OCYnPCgb5GBlXCgE ySK0WcbsLtdr4 WEGXeTWgsIpjWyoCzCruIMwzkuc mL9CQVbmr7Gt7Mt6 oM1ljWOwlIDR6ux 62JZ3zAggN1tBBJWWYbXsC4 Qu9vWhZgVxuVT7Qt,4.639947891235352,4.882081031799316,5.293169975280762,4.865724563598633,5.054376602172852,5.0209269523620605,5.185539722442627,5.469768524169922,4.6302947998046875,5.097973823547363
XjBcGr6Mo UbYF0e4qs7vNAdZElMPLBztR rnTvq0XKhOS1EvkR3ndfQ3JrGg 3InKkHT bhRFxJQ Og1h5LAVVnO3iltE8U8 SddCoP20jOQch8CxIwga7uE0dyS IXq2UQ3aSEsD2uZGBqjaBOSdB DianL9SbRt4ZihJn49NDelYNmyZZ7w CtyO5Y2Tfudi P0U1qt elx7SpcNOMAVcof4AtwcN0O6JcUGC LmKxol9deK oVUqh17N3CeP2rfeubK8BGJIy q31XNUjAV8fA0al FO5CiHSpF20CYwK cXrHUny47QgCAuRUCmG2lVW67WrWQ DFbeVGJWxSuVAB JcR0aSXEyT1q5OvPxvMcCqak9 XYmqFr ETDeb fSUbQpOG,5.024226188659668,4.687862396240234,5.024470329284668,4.794118404388428,4.425817966461182,4.8215556144714355,4.587943077087402,5.204929351806641,4.662464618682861,3.954507827758789
nwDpywxaXfP5LJlBLwpgNyZe4XY4APE KSr8hG6YDX9aQ3z2TG gZw7Ei22fAtogW1gii6PRZzpcP6 RdVpH hrhDEmc9HNYhfo0Umm5kn55AsJSCIc ei1lgljVUuwlwyM2E6Sgc7k4oS wMBUwdjqcLJczeCUsRmPU6fvxheiHY0 mhqTQp0PPV GdRnHMJ34TeboNy6tCGz9I9qtVmwVZ mGQSdK6LerGPHfq 39n5heblUkCMRr6xKe TycsCF GmT 4coFoRL5cD1kzH5msXbvV ll7Lg71j YhvYZlFRi9yaBtJEmVBr9D WQ4GE 8qeHXajuCcWU1C8 UuuJT0vwj2Pag2 FCuZhuyjABjUJNJ7V2saq w8Tz4MKJvySmwVWHiwvW79wzmMPurF 6fG3jEts37NyWvNzpsVL5zLhVLq zdlAmpckc IJ6jNzVvRimehT,5.1607232093811035,4.772562026977539,5.020233154296875,4.405624866485596,5.773412704467773,5.43652868270874,5.624317169189453,5.721442222595215,4.775013446807861,4.619884967803955
QlUp1wJ1qIOgnV88Wdeza7BBipe bGL4U0Uama1JCg4s43 ASsZxLCqVfUWJqD soFx37hWQIUPYjJ4BailIXcrR BdNS14ODQltP mR6 bVpPmeC5L7o1UL7kTK0HXSemDD KC4yUxQLSkgIR6AVbS oOuRNWvduCcvmbKEF9cWhw7U 9N5pLJ0su 46r4c4N uljD0wyHwFFpHlOeBlKcdvgrrYz9 8pPF7VGZyY9sVWUx aOGH9tka2IvDVVnrvBErPCCfksgod huwNKYtvtZzWt0G9zv0 Y7GB Org3EjAk12YC 2LWWhf4RPW FjX CSqpY7C73nM09hmR7w91H sX3m FpRmhekY7zwsi9BGxnGttmm 1zCm9Qtr1iNRGYAiXFmDW6s96m UtRoT Lv2W21olAatF7IP2TqUe aLFLpcKrIBLMG,3.365464687347412,4.172654151916504,4.3269195556640625,4.528989315032959,4.896432399749756,3.602872371673584,3.244412422180176,4.0748701095581055,5.7970356941223145,5.677992343902588
8ZkzNh t0IlTTtr0QATaw1AthVMQnUhBKI jxThe hWjEuGoS5BTdDPhkFp7 9Wqa1LB7v hviyzS bmSrNC G6JFC1aUjqvs6BY7gx SRO17DO7 Jma5LztUepZQ3l0DB5 2KYvxgB0An8uFV7g7xl8N T44W03922D24 DkkcFKjlf44Wvse Q8hz4xDKNQ6wWLN9VYdWSyOQUje7Qi wtoWXw5aIcsRMzgMVsmoyPmAV0 zbGyqBYYdYy2 cmLUC3SGc0a2UKaicOgq5cq SIMnvt4GfPS93K rO5dwACGI10Dp4a3 skXs9T3nOhOEfTBAXsJU4Bw QlT209all aajhAllRCnjwy e4ZjvYKKip34V4pOovo20aCJkJS5Y Spe3h3RN1HTWJAOYIT1Uv 6pHnREf BVg5ysIvBcfd5L6JCdRfb0deHvYC 1cnoq50i7PwY,5.054793834686279,3.308356285095215,4.405023097991943,4.5852251052856445,5.188692569732666,5.393451690673828,5.571022987365723,4.797365665435791,4.5941925048828125,5.143535614013672
tR5yQOD3yYzkwQa12zu8cYVxLO1a X1bRJ9ZOG3JGg8yqshYrL4rtLa idjKn6UjFXfWcC DBvu 4WtAxGlM5MQQ7dI mujz U4Qr4UtaiYQYAOem9L exoMiYuvCZ36tr O3AV1yJt4PnuKV6QHgjiyI3Ce QsGNSZM2bZU6K46KJo9pGHQba40Umd ud4U8dSJQBESc 292qzWq9q1pexl68wLnC7SCQ7df gGdpJ9K2IiQ72FlUvIQhOro oA6zcEJzh59yMrbiFw7e5UMUg3u2 jsqGPB7kGwI9X7GwnB3ybLsbTZy0OF AqrF3XnYxwXEamVo7b1zN9zGD XPZcAIhG3tYC mFeHetaTRWOBiwxJP5iYDBVn8 0e2785qBkFOst,4.9207048416137695,5.012429714202881,5.271460056304932,4.188697814941406,6.193844318389893,4.013426780700684,4.381762504577637,5.425488471984863,5.082896709442139,4.691678524017334
sVOmAWq1XKFOBHxV6YHyXwQuQw uIMVkdfNyr3QudkVg5Ik kovcfqFNaQPKy6gtPvTPmUlNJauOvCj QYSKjuvvU51NkUqsiR gCm642F iAgY27CIo9fqv1IJJuHtsr ZDcn5lI9s1wmrtKRwHDayTLL9Jhhwye bfD9xarhQj0X4X qLcKJ4ywmRGnV YQXRTlD9ztYbIvb41tC JQVzzZOLMOhDOPWqQV7 30e RtFAa0fKsqbr67Oku3eQO0n2Vvu Pv2fCMae06K povrE3EElzBHuQaMS qRa5fieql1k23OBxC 2plzEvfsRNK4A9r4tk9wvLf gcsmck EbA2nqb5u9KItNKFKBR zhs1Sy5SEl9l1Sey9ZL7KD6sa52uB RlNHUdnOvPs15zYOEGqeLZ5ifqQqI UW7V2ZPFkCmvIx09VSB1P 8k3QEyJTJyqX2xdNa6 Oc06SEuqjmcUN5HkL fGKWO1GsyNVpl2MKx0KYWuX4lPwL3Ta Z6XojsTtackAqCJBnKoW2k5d3LAZ 80oEAuYQxJnbgzamDL93Zo9B3th4q 8YRVqlBvyYNJDQdXUKNZ,4.982296466827393,4.647763729095459,3.8943862915039062,4.486602306365967,5.1636576652526855,5.578563690185547,5.410308361053467,5.629300117492676,4.6836042404174805,5.658214092254639
uB7cwhrvWlQNvEheCRTpypAa X3ml4mHBs2metNqp 1xMHtEIB yEdjIXgzJuvHP hxW6v0Kjzi4lmE82o gQXcKCiLt8Gl1m7AeN07LlPgDszhoRg dbsJWu9G0amkPaLOJpNIgUhP jqUK66gSplr4WwrU8Y41VT4qLI4 CpJKaeAJCzV92Iz2JWkYHgg6JfF9 kRpiqde uXYXSeP93f97xzUfnH7BfU1nv lmnDdxHVlkHWkoQyrNv4PifO7H9RS VRxly S17LWlItwWdhuIU0OIyo AXIxyMevJrp8witlPBYrZ9mQwNfzgtM Ca5XJnwVaWtkLljzWGuqT68RX FxxwBCgBv SbF7sXMvIaK1gqvHPyDwX2JhF aqPfGCRkQvtSFjVCUtAy1y3XqP 50VJYfleHAfykclzhD v7WEL4GwP1MPXdgNiN54QH1N svryYcQRsTXAA4rsL6zYO hMwaxySaD9KA5809 Yg0rgtGD,4.743319988250732,3.9111552238464355,3.3580069541931152,3.904679775238037,4.478331089019775,2.847913980484009,4.788931369781494,5.569762229919434,5.431902885437012,5.309351921081543
HNVZUR1KNU 72yGwe28ODFhRA7UyA9nytn0U K6MxNi7n3xCNaHn2SKkj18nWC EK7e1y7 AUIizoKsh36NW E6y UvPl abdgZXhyKZTo7ShiWQSh FCtqcu5p ZhkbG Q5XpYnE5s7cAcm5DXHND u08cPU2BJBt7Omv5 K71ZsdU3n Hi3WksJ1LhUg2kykzxOZH1cN0Cw4hV qCXcfnZjyv7AqqPJO3HhULQOZeRC c9skUvv14Ub92Zbs 2GSmxmpkefaBalxBbA NNizf53u RtIsv7iawOt8PKCxJhMZCnPopO 8eg1em5w15SCIqBXB7mvoiyt NiRcqBp18n4ZJEJSw lE8ikV5W55SUFTh92h cMfCMPcspIQGkKgYR2 ojqSx,5.529865264892578,3.029080390930176,2.5702404975891113,3.9603147506713867,4.814308166503906,2.6406168937683105,4.544722557067871,5.482450008392334,4.746399402618408,4.206836700439453
0ips8YiXfyZkTMs5qvtT8Xhf5C XTMyvx4eHrEYJsR4idQ Q77u41w1oaNLA2rrubfqzU9xY gRadWDhowCOSMN3tRedMvVb 6JEl34MrWAoFDD20Mdokl91g2zHzq mkjnJyZKunZpjOoknK0THljWuWU3 i2DC5Ovs1btl2TaV142XuXFTt64jw4b YEkQnRmZq5OjVc6AD0z YqPnsoP0A G5C1Xgo ustB0UtZ49iJoTwp8DW1QQ6hA 0cs9pSFBqOlW9tCMYAsw0Re0 K2LWHTXz 1149bh2w PsndI77fEthZoDKvfyFa MbE2VOl6n1gqEYsGao WLsO5edN X6G9Xdoro1Ce 8zsr08fTZIuqDHbFuwS21MBYSk 71fjv6wqW 11evubEVsyAqMNTbVKfQJI8pBM A59QPH7Kc0NEL4PztrLCD CzIh6y0pF24CEdwmxbqKQ4K8 MDPYY7Qk0LlZ1GHQLXXZ jt2TwQonAm9WxEtY Chk9U QcroMp5emrp16aOdSucO0 Ug97UPe24icObUF GnO Lau4vIIJV aLWdiAYuVJjQe 16npUajXnjv3nzrc dLWcMRW66fHdOtaQqXSY5Mlj71YhYy td93aFodhwvHZbEb20FU1NXU9 wpjLqnO VxluER5WzRRtiju7f2ARdRQwawA4d UmHUD ljyBZMKttF3xMdsSLQiN nV2NQflKX0a49Y DnGcfaVI PPRzRUTFGA6QYUcIwbLo,5.066766262054443,3.81467342376709,4.859009265899658,4.906968593597412,5.53685998916626,4.53092098236084,3.7115139961242676,5.551955699920654,4.714981555938721,5.1928534507751465
FmyFrL1eYWAOAFgNyOhdjWe2 K7PTCLZgfSAp niv7aDfgtx8VWmja5No7t2bYnB2N 5nUWy1GzK XeJvwUZqTXUOw 5VrLJxXcGGhEctD2J EI34ym9YT4 ZMiASV5mguLEVLnag7Tbycsq,4.454794883728027,3.505156993865967,5.334405899047852,4.301412582397461,4.950243949890137,4.926927089691162,5.208407878875732,4.693556308746338,4.219271659851074,4.337156772613525
XdhqX9g1B3TlaZ3qd1qSVwn8T5U1m br7yh3 Qx5CFfewRZbBdjdIfPpIdEsMBJVy AHXQdfpVumr0hQuolj8Ay359Bq 0BpCBKnQE B3fVDPuccHb dRNUxWJ9PZLq0Xd6PpzCqHR D0JYwlwBqbyLBfEu5YgXP8ylOsk60L Kqafy7baCXWsM1eFGb2yJSfjuM4 a3xqQsz11CZ xpcp fwEhSvRM1VKb3c pjrp lRohtVefLQ5Ln fbFu8Y5qfSDsLD GkN MFQVfsxLvDEUysP SjXfwOlwJc35Vl0eFSHNO,5.412738800048828,4.473237991333008,5.298192977905273,5.27994966506958,5.371248245239258,5.127654075622559,4.985428810119629,5.330238342285156,5.588931560516357,4.70715856552124
Mtu0kz3sG1ar WQqQziJ6hgmBUMS ELOVnJVWEc6qz5Z3rtNCD47 a3Ct TQgDbCOqynuHslRI9e4GsTLQiHY7 x7NEmY9pUV1OOwLIU97ek Ae3iQJ1nfR3me1QlqnW4S7C ciTa2ESh69CGIXK00reaU rfu4qf4vlO2l5kbrfBvoH uoayh MoYFKtW ODmvRD8fiNNT5 cjzp,4.885626792907715,4.628282070159912,3.7381582260131836,4.83276891708374,4.461683750152588,4.833771228790283,4.745033264160156,4.19817590713501,5.305092811584473,4.569783687591553
WrJNfNmZkuwcHYwF r4VINPrxjVU6 lun1KmLvt1ERaHCi3 GaJty9L7r 0VnhXHvW2o7mS46P5ORE2s dxPQUI UYb2ytLu9FK9Zj9zQQEE9H7et 9obCChu5wu75xxhYb3R016zK8jI T4vUE6knbxI 0QI u5hDHDUhjc3w15FKUsxawuKdAIcGid Pd1RKJYwEBrOGLqsQ VX8KJ Y8jQ3eBBWCfnF aeOil0eglwR lbiWMWRIYCGaXo VYGH6B9SpxAJZOKLZqt2FT6BNCL gKqE42LC DvubLXPH g1kdVtJg9l0ODhdhcpyFV3x39S3Ofxa cBsu4cXoC qgICAnSd2b3kAOLrMO9yp8FHy6I7sB9 rLpn5mgSrbkPg1zEAzzU RyFI5XYgBahna4QCCDljkbHbZQ Nzdbi6Dne LpjzbraoCeN5VZV9zJDJRj1zd7YhpF0 jKLKVJL2ArschU1qWzCR9BXS9rLGJjI nZYVKtdyc4Fgow sPkbsWladqk Q8xjLJB7JGvKnKzG 7CI1Vwx ulE9Sg3Z6hc86P1vy1 iUlZ711svXeEbrPbgcH1dDb gK3NeA44LiAZk3ZXhi9s54ORCmz OAl0US4cfHRG6J7BslIgmngisp 6b2hQQi fryBCL2QtBH5 efj5ITcEvSj2bgcrQm,4.837785720825195,4.448257923126221,5.382719039916992,4.322321891784668,4.7669267654418945,5.10262393951416,5.195616245269775,4.862910747528076,4.639830112457275,3.474484920501709
ZEjHwS nk01cxoxQMrEPaDjMiIEY337I haHkbhYn9s ljcO8nIc3Zbrae GhjmQ0I2Npy1BfKM5Q Q7fEUgQXqqY0MRajA7IafnqufmbtOLu 6h4k6Cfu3yUMIJ3pxTxQfvIrly E4TD nPxZcKTUmXBDbNWRGDyqWXP LRh0zc3da3i p3y864FtH9VVzEv0 JF1tnRrN8mJjBvP sZ2aATUpJvcgfWIV 5sbMxYG4cuKbs3dhXjKKhGlys gUvJm1xQWuk0fUg qLq5I03WLHp d2QJ Mp7IWNU fxIuq s3n4L1icgVHpholV4FTonRyS tkjng1VVXsZOUCuKZtOx0 f4RBpYQl7TyU0RRD QB7zFQXTFJVDnhRRm7 aWue0eS1aNpwyuSw 6NpSRqv0N5bkL9q8T6HHw9 2bPMBvefG5xTH5N76uJHYYd u47DMQyTyxlMXBQltm2ycR9i6g oiBaPIirieOvrR0 G7f4KlgcYQ3KjfGRJ4 UaY6taTQM7dsV72US9sZ1yhjqFOy atQwg520coWohjaDlmDdE QLx0cnz 4TOLfRnUo76BrxVorPr GAPZp3qDqXmftciwuDKHzoDPAkAKC VPplKcCP9H3MolEkW hichPPZ0UKElbIz6c3erF SbXjOPIXQB1V2IHY8L0Y7UPcLpvAR WAx15z8JGgTFgOA zhXFzuO PkfbxXh9ptelZAwE8tV1HgHB7OwMfj RAJ22Jgu OKHl4C0MBhVH 6pVxiJYAuUHkodDQr2VsWoshQEscx,4.7679572105407715,3.8012595176696777,4.824787616729736,5.751587867736816,4.634771823883057,3.0547494888305664,4.2928056716918945,5.404942989349365,4.3692193031311035,5.091552257537842
CC3ZizRD5hGMVIKPhnCsvU7wMmG XrXNBZWKiDtX7g7axNP8qajQL40 Wibcpuo0f9qExXY3bX3 4iiIFj0HvkY1luXfR7 y8AMQ EcQgQOC RkfHUYP312n2qKh5bwILFbXgu5nIj3R 3mPsSi letrOlCpddPF qaYOzL 9Tf ygppp86M0iQT7ZQENQ DTiuBdEC RJAGaLUM9aUP Z9OaWj4WU6uUHi9uq5LKI6 mPKlUq1fblGmcnQVBxDYNwnHoX UGFx5B7ihdOEWYAZacK vSYpExiG 9qBSQX8MyfYRqWUU7ElQxwqxmt8x FWvLelfB I1YSEIti1yVibmQKBcJUlgKbB x7cigewAZ3p6LUliYd1iY3A3jGX6 nrTsT3R0DC1Dx 3NClek4tI1XJnceoQ6KInPKPro8K ecHmsmK 4tdD6dmWDV7tNmdW5cuu vPavMaw6vWCzdxhts mKJ13MHzPBOJFhFyYjF 6T5GyTfeiawDw0UVRAt1CbcdVQq QstZlecFgT9pRXD4Fk4bFUqeO7p EPjqsg3hNcjjiPougu26GfM7 9vePqH 9ZIlsZTOZck5gwkTs76hhvSdlCGrh fTG0JtgbO91bl1RNFELU1 W4r450bpxV8Ij eVauKMVe3ae gL9a3HpyGUKrLkr2588PVKhH5 ZuM03kdwDT2Q8qSVxW0ursAC4 jePk0VorKi5znFUrQ0,5.136538982391357,4.20469856262207,3.5360026359558105,4.711183547973633,3.465425491333008,3.55025053024292,3.728480339050293,5.639247894287109,4.1303791999816895,4.007785797119141
UCyBuXPZWeytzBhvjMLpxkvlP8NAc7 RlAg ZOASYDi8WsYE oFnLYPen5rZ 5ljIfaSNchNiY7EFDuTLN s7OXCdzAY6GCj X8HlS5BZwnMkKOgpe2pnS0xTjP6EU TI5lnOYEbAHFwPMWkL ymr0jGmdzoSe0IclHraWjavCTEvDf txwg k35FwUZs77PfzkAJYKEkoz pfk QeabuQH3xhKQsbjYu9p C5q3IaIJipmbiPfddshTRUxU WlU98rqOznN ekoAYapBdhnyxBBD8ZJNbr7cp KP5SE3C8Vg7DF1muxO1nnD Jm77VhC1GfETyMLLi1 mCSEuh ku9HQPMwu6RF8hG 495r0ANtuUQEZ8kCiP3gb CaF3rKENP3ashE7y autUGjfKpdaPOXPzt8VYbvlLv BAk8PHstezTzDlbfl6n 0r5 VFPYJ140U0Cim2XIPrubmxBgGnAT7 FJJkezhQv3 ruNxBXep0LDXD WUp7xR5xRjSSJJUsn2tJ sUKvM3aBGrxcHR8 EPQ5 flmD4ZnUnF0Je94Np52C5sf3aS4RH,4.523939609527588,5.288304805755615,3.388617992401123,4.702110290527344,5.242356777191162,5.004865646362305,5.894843101501465,5.581781387329102,4.342743396759033,4.8736572265625
VwlYetVuBQ8LG hLUysCAAZsvE3pXwmev5wG 31zP5NgnA3lkaGlXzIKhOZfPr FTM8D4SdD6KV 2mN5OeGqSscZjLxesNYgVG IHfOyGMD8cEDumjeVs8hozM9GFMzN 6zv5iF Z33SUb5Eh XQ9 aA3OhweJAePV7hctxGvCJeTDWCI Woenysm INCZqDQgAzSrUTIZS coGLvK46W4ZFNQicKTH7etqIALeso4N FpmvHCU1KaNvUKhmNs2wU xcu52GebezqwiZaYIVW NvaiXgS9GDlxtT7r2grFmJ5nojW7uOR S4ykKfEZuwn5qVvo8 S9GPW Sgqhy3FgqhMi8yUWEjL1F9hVTCJLKI rr0 NzjEUCovlGlLU vBxzFHxLThlYeT897N7MKI EwRGQPexF7Puxj1BnTjudFfj5agRC2g gXmbQHD WJhWtYXH5ye G0U3zww3D7a Lr3KPiKvKJQl5etfwBN vF2aOi4ys1kBnbE3PIID5JBG 2zbM8aEcp7T9af9uay9MtV zpddx1TUm1f2JAI4TH zSR4zTlNGAnwwePyAzzo4P0f 7noWKLJpjsZiJW 8KJ5q216XruCep0tLIWGK8mBk 3EKSRJ5qeUC LNfbQp3C3AlSTcEd BMY5VQXVTPaTlbyPMhg YGoTJwM9p09ncoD8hpp QOg5jKKUxi MGirRepkIlCX VQa HZUldOBeVGjlrwBRusbhIgljClsd1 nFBhFO3wMd TVbiQAkh7wXPCzKLKPwYsOvh1UZ2zh jvaE46Y3Q0T1yK IjY,4.933557987213135,4.694949626922607,5.696629047393799,5.247648239135742,4.951447486877441,4.979697227478027,4.592813014984131,5.9101362228393555,5.358218193054199,3.6357593536376953
Zch1dJuI y3R9jDbGHVTh3fTdZY1muxh RRN0ku2ufvc4IgASXFHB Xss72 9XrkltkeNZrtcNWL7Vi499 3kSZmjdSWgMTiP7XxdQL0uUIMzouV qwVfeZT875ZTbyRWHrV6RG5 BDg2 a0eyuP8vr6Nsgko59vv98zE8n w3Xw0GbrZZbKvzhsWQLUo 5nC2sDFrrW3Q0WROiG7yvHfwSY1 z1xU6YwijjNcEeS KEJ3gIg CoUE8FTiHTecNzZdsxXzrGc J6TFguWZu9tOcIUEQ9bJPQdlovCq3 y0LOe0Q7wQIfTIwwJuOOT HZM GV8CM6RNoRzsd84jTlG 8ULSnApQ bXyxToTCSy2qOC5KzC0jqn2Cw mzjeJyOP0dDYaVgsVW2BGfVlYc3a AXc6fRnGfBl1Jq1W5S7k8 A1Fs 518L If0 DEXbzV3feQYV kxNyE0Oee5YIbrNYZYP CqeiJYwnIL QxoK5wSrR9P2PaDuhVPH0nSXubM68G cLubMi16XZX44ztpdSa,5.010832786560059,4.014732837677002,3.6059083938598633,4.5204572677612305,5.520491123199463,4.113101005554199,3.5326333045959473,5.095588207244873,4.375492095947266,4.36443567276001
Q3b00T IypZTO6eUBzZESGzl2aVh XQSQvQzBsT0EsoVG UJFIt95hzFYTB449t evfpPBb177VmlI0Nw2NE JZ9ZopIWrFCi2KzFHRqJ1Whu0LoS RAFRZNxIKO6 xSUzdQ ZaxPM3fR87lOvIjsviaR HZTeNtXrs0k aAtwDL3T4KHEd7cLwx38pYVWGQv fUljgLkH5mRc4Uyz9pzzYX5G aCA Eg7UdqNTK6F5yZvMEMSfHrrSMBVGj SGgnKPgIijXZ7Ev6jnoAQeoxv5hj MswkzGg8BQ8Z3ClfWSaxmIOmmk WRdTRPjhYWAmA5V4RgcM9MLj qPcxpqnULCRWpmZ6k2KKwyAhnJYRia V4K1Y7CUD0QItI4yZPEjzZkn5N3 Ngq71 w3J 8THkr1x2uPu85dSVXNNpC sbf7SiCEq9M5r4p ZiWhhfKEDy8 0EkWrUNo 950IBUY9oFznMO8SWCWoHOAh3YTMH tFhnv2SrhxMjTb7G OBQkEI24jWtO0DUkDWA6Wk0tPTBq kEbMboEWfh b65r7DAY0Mx6kQ UdeMNekVQ5cdIBbprBo jFY jaK0Kyjab lTy8YEGv,5.307219982147217,3.8578691482543945,5.467165470123291,4.36953067779541,5.156585216522217,4.119386196136475,5.349125385284424,4.5068359375,4.70100736618042,4.431095600128174
jdLTxFIWaf2V81vPxyV15dpZ BowXT eN43AWwo2PTPXeM0qpWxTTmtlIGfe YYTSe E7Yv8gUQYo7YDOb3MtyxlM6yZ wJ1n LqX01CxTJjw8v20t7ZCYTXHYPQneP NPj pseEUGZawGbNE 0JKhZ8zWXvADhqyWFqvj jemhov2eAwn 6qWn5CijHPtfHdUqIgkXA SAhFpo o5uqvzQgV75fc0uWTerBnsy6xax 4pguQN433M8fVMifBSTp V1HUYjPUDrvoQEWrMUtGSj3Q4l dQzq KdFacrwd8UKfTPTu1A 6em55oA1Zjkh6dm6lyr iUkju5d11K11sZtyWs05nkLkH2Y4O6 IRVZZXWM557zPZBBDhcwtwpsbO uMCac akv1Z885uwKS37LUTm2klQ,4.795179843902588,3.874329090118408,3.3691635131835938,4.359016418457031,4.977153301239014,3.8191933631896973,4.423334121704102,4.887702941894531,5.021895885467529,4.1025261878967285
mJWSZfL726FUvT1 9zwPlvYyxwzMu6N8BD6xXg oOTvJ8k20DCDq6znsasju1o1PxlqZwe MM1rHKWjucRA5JH dU07PDfPO 2AethOzkFZFYJicY awrizBQU6XgsX9yr9Mx y7z8olwBtJ hL1KERoSyY33PNuo6Q8hC3 Zyd9bhn9vhQftBZBTyj1gylDm6WJfT 0GeIwE90Yy 1WXLg mhoSuxhZzX6qQGx65VS5JmB9DrlJ3R gYan7K1BcZSjF d9gsT0RGaix3kx3POt4FJWjh9j sbcW f0s9EyYnBxN781BZMd c1iKDYgz5ZdYOlqxhnOkk5h,5.0597453117370605,3.4278459548950195,5.38701057434082,4.351736545562744,4.711482048034668,3.784468650817871,3.4988932609558105,4.250312328338623,3.5489954948425293,3.847318172454834
T0F29Jeu9P8kJPGMNZwgFW 9UzjkrLnhuUIf6L ld0pHxWTBzLTlOpyE4xV9CLbhO5Qy qkjMk6 oSiHUE osQMUR6DUcPH95vPdMqVl5f CW2sv wA0 2ys7KAOgEnMv4wQqQLd mOcaZ2pbDdbggd6h0eSWKS1JZj CQRtd7i9pL36JSywPy pRv7YFbOVftYDKrl6jrB I4wChl0AP2UrAbBvIATv6EFsZt6,5.123426914215088,4.572093486785889,4.768546104431152,4.925396919250488,4.969744682312012,4.926398754119873,4.908454895019531,5.052699089050293,4.815057754516602,5.121835231781006
znN utPWiBsZjAZy7hs ugFgHdhwM phXTDL7I2fIavUzzadFRiuYmJPTo KEGUu3l8pmqCGrj L6L5DtIG7ywPJv4KoWiy krFQgcsfFzFcDTtHe sKaiOCtCYKzzWdezgL3vHUY UwR0J8W YPIzKNLtX4wIyyD5ZdUKToZ ActOrKY3cquZn6 zycKNqG Ap9r5jdJRM kTJVDZO5G aBez9srf98CFsab4U8DbnZ4c VsbQdPWWcrdTI1ldws qhf8cnGj2EMnXWUxVCmq7pj3L b5eT9oj5CtHmTaYf1D 2GjEKze5Fc6SKfYEmAF JsXlLDpsXwbZX DXk GRr4aKsHNJytfWz6fgARnj dwjBg0YhR7cZIkw33HwfgIRSYL8TWmT 9qGTWlvQNNC Io3Ftbuu1FTsk5VwXs3i6toxOq5b6A PAYiFnqhNR2d Ziig6sX 4n4qekDric4b SZ2 NcO9 VkF2oMbQMr,5.162629127502441,5.036615371704102,4.960601329803467,4.149466037750244,5.095881938934326,4.423555374145508,5.653891086578369,5.55838680267334,5.746615886688232,5.407681941986084
uriJAyW8B0ItgRgjuVr72zxgxMtg9E rcTd9ri5ek JsXXxxAHlk qyBxLO9GO53LDNYxQct5eCSWwnc NXSowWJrqhNo49Tq8MK T9Aw2FwtJpqyLQwml5 1X01VWxpjbuqFvD05oaMvHxu 6CI0To4D3VWD3olCLCoFHEQ gOnDBrifJRzuuclQkx59mHl9 MQiDAAIIdG4C OyOdE71rl iTkKxEWLwlvI0U01E7,5.069839954376221,4.001653671264648,4.869818210601807,4.898914337158203,4.848362922668457,4.9227375984191895,4.553124904632568,4.8799567222595215,4.944915294647217,4.832555294036865
TqaLlavdTD6OrtLzA gqxQ8ru9gqlioJ W6EE8z4wWa1pfEdAwvIX8 cFXz7bjat5TrrY 89RDUmbJda0hYu3IWBi rc0z6A1MOX76N78glhkBXs2xm rFkCveC7OA 82FvRRdSgA0ff 79A1iAiaBy2eS4Pj3YCEmDzTkYlYa0I ORSp95x8c eNJ fz8ht2 XxFkNW8F3H4wPyWdej 92ULcYUvthHRP3EADTv83JfQPXpr63Q mpd6tEbI6fpXbgQIffgJr qeL U4xQ6hlDaBNRb 7d75TI2w6ItDYY6lvpn40 Jiq7pH,4.604030609130859,3.1520891189575195,4.111849308013916,5.286332607269287,4.662428855895996,4.007970809936523,4.972357749938965,5.165211200714111,4.698076248168945,4.261523723602295
Altlr69P31zTkwf1SvJ3tci4 ieSMunSF5CNKwUMPe luQ9enDAuH2prFGDJl3 WYwrV JWqmpaEZI4u6s40K0pKDGZ0JCbs29IW YEOptekq3l KC0ksO17EiuelYD0YPYGtSIAm QV5fhHIwM3OYjNSuf xUKPRODDIC Q3mqKAsG8ZEVy 2C68K3JAWv6ZQEE3tZSnka6 RrleaNVIPkb,4.997087001800537,3.342072010040283,5.876279354095459,4.362799644470215,4.007112503051758,3.882838726043701,3.988940715789795,4.608052730560303,5.026559352874756,4.416659355163574
PIZoYbhuXuNs TbpmEcTqikMGmIERpcQvYQbT6DurH nuvr59RGVCxOQEOd6 oPZb5W3MX9C0h4giIVkhzuGB9JKJq jcbnTHqxy84DzvD9TB0DqAHy bVzQW0gPIb8onU7wp3Bky9hjT7yEt KtPJADzlhx0F E8yoqexukc6TxIF8ccle306qIm 7WJYwdK JhkkebuzzPBT7K52KLZoR5G9N1 SIRWqI5LHJIPsgLunIqMb 4Vnqo7Y9sYACG6Zh w5EzjomYjInnJHTQu4S4Cp3Z,5.220463752746582,5.5692667961120605,6.040896892547607,5.1646857261657715,6.0357794761657715,4.960501194000244,5.360732078552246,4.73729944229126,5.29412841796875,5.022737979888916
CXOOpo75xf KXEoM4jbN7rAZ1h lX6jNAMTbugRSomkhGFYSpWN622la qqIdGJorqD wbrkswTCI,4.446983337402344,4.668316841125488,4.506990432739258,4.483503818511963,5.279575347900391,4.36481237411499,3.288372039794922,5.907639503479004,3.9679384231567383,4.315439701080322
z3SP6flPR4Fgs8BmpG4X 5USjMchVvHraoSwR7iM0tcv7s tyH5wJy7 M92rO4Tm9X11sryCvEpLwd hV0w9JPDY3avTcgmdyGD aW48dhCF5yFzZ2D0sB7c6smqlUn2 Sw9 LAgFgAtZMELJbDnWsQtvxY QccSPc6RY xmSO 9EwQ 4vLLvbjFLEv3z7Yv7BD82pEN sey1D4djviGPhDFFkOligG ibriIeW6Ez,5.198990345001221,3.16658878326416,4.326154708862305,4.756662845611572,4.834651947021484,4.029640197753906,4.814757347106934,4.708084583282471,5.108046531677246,5.301587104797363
DUELijx9Sk6LyGYN7WJdMwYASit4S fmUidpSNNLNvdywVdV1kQpcunCVt hjKwZLdd84Prz4wJTjABlkqR pdVl4Vw0rYq1bUts8W6qtJc1ebV hHILApBxST2EV5wQ m6iGxBHhb7TETZoZ E7eNBQMpzA0ykQajcjdLA2kFICLqWT HsalnEu 5vJ999MXAH1PsxwVerjHO2a1CJN3L FcMO,5.183420658111572,4.26421594619751,5.187367916107178,4.723690986633301,5.229208946228027,4.5779900550842285,5.099488735198975,5.024338245391846,5.373103141784668,5.393044948577881
xNgqnIBygvy1AwrwOxi7b qyIwiBtEuguxgH40S544IHuBQuD8pvK ZV9ajMeAWtjOHDli7KwnmBz AooxtuzyuEneJLxIftEo3wU5tkNLH MBKR1AmGU Y7F8xiIsOPdgFj9qATQ gL4uVD9CFHxS3dAA1CX9MA xx3Ra9xMg8oD2 0K6dkeeKL183uwmVaF 1IoEGKvWmB6m VrknTrYaQItUY7jtpqilsUm3 1yun WXOszu6hEQEVL0Q8yw5kq8zeqAm,4.967133045196533,5.16804838180542,4.798228740692139,4.660547733306885,5.172682762145996,4.838438987731934,5.073943138122559,5.757798671722412,5.094656944274902,4.241393089294434
oksF1fulBNWNuiz1j8wd0q kGtOboMyPl1FPKKKm2axb3H6IQFL MMQipGKn5gK8TKJ9hz qMut63aldMFcr4McZCm4d3XkhLTRURS ZdzgXJ6uhyp VkPWZtq5rX2ur ROncISQv1Fw7gr1nb17Jp7fRVqboo 88nEhL nZVLgHHkgxL68d4Acn1u2y A4KCyWm OEO HvY1xtn0VI5OxCI xQWr3z jAQ73VjUdTShJK7xslInUl9r hCmJbPShEUYE7whIedGfMRgEn Yn4F2ioUN 4GwpgWY6D6Y T4uXnWEwHzhAKbkL6s9zOIxnLLSLnx qgdpXpnEsnVZaviBvVVPZZ4U76T aktPL xnuuR CFBgl5PBFc12RRNKsnJ2csiJ O5po4 0qizpvsdcNW9Zg 14ZSt4hRyEF oyAhdifk6n2G44xy0iVol1G9JWY 2x8T8COPMXi8Eo2LxTb93sTQ,4.825930118560791,2.9619932174682617,4.229043483734131,4.603987216949463,5.320813179016113,2.9014673233032227,4.423311710357666,5.3837809562683105,4.8249664306640625,4.387787818908691
kqCHFY93K7JX09ag ODSXDW0WMeKa1kvHptoZwqTmt 7LkDrxGRVbSbwD ZSj3GRACMZpXkADiSXQPI TbglLkDGdAfCFI1uhLLtwbGSH LW70kVZPgoSUdQ jM6Rp6g9GS5qSR HDx5KnoabtvlIrMj7L5Ov 1q1XMG MNIf4bR9zaJl2ZsM5fcXq ixYQhwZSo3lJN360RQbPLEbWJ 1ytBtVzn7SNZ 6ydVp1ITSUB YQLShLAaLyMBo1ImrOmg Lqk AWEEhs4qxj7 4ntC2FuUAgr0LRX5x9Agc7t 3mFAj C4OdOFFc3B GaasRIdn7EiZ4jO0djg kMBybUzrPmH4g8KpMW0Yl95WCny RR2nD5v7g5nFtIRr5Hp8On3F7 EBlYqrpjEbh9BjVSQj0eWvvIl hJzSiBXXdkwL2rbY1SVpScYGlWo95j WCjFqRdLrX0SkpVhwfkQTVddNmo0lU VME1sLHAAdVWWnfPnEXBEPfLPdNOd DTRNVShhdj5IYVFbJHtq8W26 BkBJgP 0dMP a5WtINuxcp9Uw1hM5iNycucH2maXenI 57k2v3K9qGYYhSqFtdyNEXlyBD DSjC85taovdnU5f61orclnlNk3F0xvo WN2xqMXTkPOOYbRjl5SzegT9 y3BGR cIAdiN9CCHlE kbe1UY0eucJzW tnnZeT tshBkQC1q6tRADSpYRs6SyKWs163WQ tnfXyFS8MAyMOcDSHZeBj8P3VC4ff 9kjWVRRRSo55JTWO4 WcQzCs2BPXOuFgazN5abQMMidn roaLzv krdde7upsY4JH0IUP W8DtYE4khbMJXmQUvrNCrOsaSvgG AX0hwZG8D9V nl6H9VwC28eSzEqdd i9ulRwgNZXmfKJd4pswtg7SMOedL,5.289623737335205,5.617246150970459,5.2695112228393555,5.5714030265808105,3.9136462211608887,4.886423587799072,4.297194957733154,5.927614212036133,4.509650707244873,4.314724445343018
8VOP2P2FaRJimqzk2ExTbyYVxdc88t JUJCRr4HtDcs2bIT0BVWRv jw35xWry8wKuHzhNLRSK3o9vOvQoK G9VRkUzwc wmhWyLayoEnC47XbAueFb0FIyE X2fDEiCyGGBX8MK1iLUfwEIl2j1Q SpPa dH4N0IZl N0e916GEkzJWE0rYZ v1SUdPC8OLnYH TexzxaWj2GqCuxIsVYMvz 5sFksOCbn 9CfPT9W7JsYwwM tr7wAeC9OzFbhuuMW5pNEPs QdRBeoi 7NbZ48IbkIugOwXphqjbSO OlP o7uLXf1X MVd4pCAFDEtELpZ xPRf33xRX6 JVVAg8 9Ben6mJvCqP5irOYiKbjDgEOGsKWI KPZ9tw3fpzf7TSsfpDzQK2qIY rDGfDL035 Kxa5UxZLPSVCF7LImfzRooJr ucEjUkwZe bgUX2IjLZLiy69ETkYYjid6 m3lXXw beOeWolexLf5pp6SLwkll3H ohMIh MtBAFMIH3sVUqm0Tj8wsfx igaC3ziAQ2NYg 3FlRL2CVOOHy7kh WCLoYBbgQ79sqnXJOZGu ylYMD OIKeUS K3Cv0eLUcPezrlzH4FBIQ0c a3mfvr bxBOOScx blnLlEvmW5MTZgFxzbNKG iDqQiapYaiq9SK8bdh5,4.887577533721924,3.3703079223632812,4.523042678833008,5.0126142501831055,4.703852653503418,4.206617832183838,4.345025062561035,5.307913303375244,5.481659889221191,4.127554416656494
n0qj3HeygEFv422Mtq EYhdLofkQsKfS4vjnxgvnS 7w2Atph7oU VHFd 7E06 VjxPPaoUYsKYQJzWkhZ5YfE KcCL3b74HL5Et ogqtePCVGczxgXida28ScoRwRYpR x4u6vJh PwtpJWiuRgNUftjc VITmvy nDApRcQjs8 OHchSbhrSDluZ0prDV4ItT7VLtINzXB U1sMsUJk mHTRTUZ3u2ivEFsGuZe43MEmsQ7f kJWLvQI 7ouhQpgkqKVAmtTz yIdtJBw pfTUFrS,5.220198631286621,3.291903018951416,4.711215019226074,5.460667610168457,4.455951690673828,4.331598281860352,3.981682300567627,5.663733005523682,4.864871501922607,3.7038917541503906
YvJY3gCoblhgmvkr5ggHgfEBolR pMOOT VkdzvH h8Ahg2otMHquRVKMw6qpvtrGCSLW Nc2ib6 74MBH3wZCtfy JIxJe28R nWNGDwWWoJNP ZB1HNK2ce2wbcwYB9ohjeWTwx GY42w nJ6oMNu3FQex2N4XCFcFXGs A00CAsGZHe2O0odcjh4Z 2FdPNQFP2T6S1eQGOWduecUd2AxWi rQMTX5O3d10k7F66QzhijVGzNn VHVfJcY3bMMXF xG6I5XCdktRrsR 4MnJA 7H6U1GFJe1yOP W8TqDvK4 8jDuNq mbyoiC dW0MEVwMJi 5nsPvh9QCATS9gSrReDKqNSreOCVs vZXl5O8sXjv0SwiZY2x1enmfHkz ZxI62VVVzkrecjgqPPlgGq0IyxH9 BR7o60uhli1RFSktTZMkM8Iy RlC Po4C Btve8u74MvBlUPjHnBZxIc1 h9M6GFuso9IYl7sf7SYKsgBSGWTrr6C G44FMRfvwg52fOzbEu1n1jp L4UIZnIrrw9M2GbQiyc8FhsI2NIb 0dSyVEk9Q1mT03 8NBiwFD5hJThJcbuLNPx8ODxj kzGYDmxuNd0Pmf3HuPZsrEZEUffE AeaPFVKeyjqgy1txOP0raKNXchGqma 2idhVmnE6OdXuUXCKv0QjFl,5.621905326843262,4.705548286437988,5.764425754547119,5.2999773025512695,5.040355682373047,5.607279300689697,5.385223865509033,4.278537750244141,4.631474018096924,4.133845329284668
LPsLYD0SolAsJgxC YPMKic50hXry4he50faal6u pzq3SkVi WRZX1HdL6 7LAL4yS CfbKypUBURkOuV39p xZ7 TfrJowNJWoqpp4 ZGOEsAOMBMNIOUy6tToRJeGEXwBt wvE FAffVrUdq5neyFC1a kOi8qGhEtgEGJf2K25ow qbp3j8RHz 3h0ZWKOGsIprWkB9W7u7heKcpMAi5Z 0DcCgmzyBRBgdZebY7pvncZrN SXMy4AaYIG19rg1wLR slg2X6DlqOc qO0AQ2sojY1p 4HswZWE LDfk66 TkpW5GRwuiHaz9KizCdOSj b7JO ijobrFNCtZrM8f7Kf0tdPp bVdoITBqnqzdD4x71SmQ14pzpbZhr v7X95c5Ih675tzPf1 vDbMaW1BsfyhTBhQv CFscw43S5w9X6A8iVXecBUevxTQ VqbKYUOYX8v5VikVv1IeaJV7DfUSfW lgSLXUaL s6yo87b C8c9onojcYwwG QcQOJHDhOJy54lYGW yB51wbfEeZQPyQxMVkTULSsKDyWRnh2 AkaDABC1EYCv9Y9vyhqNKd,5.400784969329834,3.9617958068847656,5.845549583435059,4.625062942504883,4.316859722137451,3.1841354370117188,4.644623279571533,5.608062267303467,4.75616455078125,4.467710971832275
eHhz6EruBKHDBHoAZ4EQWdG5uT q5lhW5ydK 2DmAhYR0xINS pj61RyBksR0AqAJcfKQW9AkfuOm BBQ9xyVoCj1i0wNQjITYW1jN9kYpN oDH5eSmvrXivoZzra1RelBA EoeZ8 z7lRNlzsUmhalfgxQX 1HOrF6Av1zHZIwH6yzu9 IdBm5OBFsmE8d87Nfh 9o1XXZF1ewTz0WtyG8jKyxiJ68 9pW SApER28u7i2t02FWgS HYilK4VfvPC5TeWhG7xhP o1Mt9cPD9kit 2Ya2x09pb8g 6wfB2C6qt9isLpkMgUU3wta BqoNQKP8qU FdPSEuvSP dR1Rdof JkkWukVVU 3BWpmd3CokbDvAp7LO8y9YRPi NaSGQvDDdMLyvcrABFs b2vRrlAnJbHGDvmIte ZcuaDFdYnAE9R5 GmCeGzzhqQCJF9 M8dc3VhQ,5.540675163269043,5.311882019042969,5.333993434906006,5.193333148956299,5.430685520172119,5.129819869995117,5.347078800201416,5.233494281768799,5.119879722595215,5.155738353729248
yRBPJ9NOC35LJQafVsCXlMhlQY cKo mFAsjz FlQoQsASGmB5P6yEupzeUiG4DM OTnWrT EoCLwhlU W5ITy34J 87Q4DUdZDBS6IGKpwG2iJZKpeYSLux K32oaj5KZvlOtOuh psGbxUBTt4FxTFBTggjrxYwSa19EpAM AeDPLwUXW6OdwyXzloKlqjj tCupycVbz3n0qPrIyWf9MVEeS5 UR5QjNqfxwYqLIaIRUjA W7kTzrpGhcG 3pCmhj0QEPNWteORfT1EmsYfRQfCNT Wf5oZQrxjSSEt2GQjiIlFuzkLn,4.703985691070557,3.615412712097168,4.117979049682617,4.101205348968506,3.7112979888916016,3.373176097869873,3.9396185874938965,4.901010513305664,5.321053981781006,4.748239994049072
QQnpuHsnZduM5GS apbpmDA9hXTrwOR4xrl3o8acnBZIE qeDUM3JLp6YKxHIXak6GGGYMQ MZl5PELWc axseQyejLoLHa3frOmjRZ Knmolx6Fap6gT0sASKGsa EevPIxoyOK3vpB2 tyWuRhYc4BKetJ3yjsn9 FBSqyA0CqhnCHWH8S3gDrjHiC2NFA3 6jiqSuikKSvxJfqvzl54Hyxxr nAUOH2gSwyFPb5IHv7RPk5Iw3mt50g0 YWGZHbkuREqgTm9 ky3 drsUYxQaacgY0xhAktt8hfcxP UWIXzZa74elM0EQU9BIdA4 pVQvy4IqbczArm9U wQV h7owNbN vO5eqkobQffJs0o 6G0QFkQ2D9D3l 7WP87IJnuM3tsq8zQ1EkAnWfP8cqQb 01wgWc4 Ymm ps5GYv9am 7nUv Tb6iLe3tBfGrNBbm0hnDHD9avoe7 PXX5u6yaI1lJ8qUlBap 0CPNx9zsmnOhbjq mUiPkfOsdQxFoRX BNkgE7rWQI5PShG2pfqqOOY nmcHTnDoT7P94gtO OTsvAX8AkERRiYWCgm1 wHSbigDVg Dnw1DkDY0J16nWu3FQb9svryhHiI4M m3TEuljQpi8K887BftZDye4vGWd 4xtf,5.1876959800720215,3.3263397216796875,4.972751617431641,4.393679618835449,4.7447428703308105,4.5432915687561035,4.799216270446777,5.5095601081848145,4.8262858390808105,4.448121547698975
tTO0nZWl9RIGZJs43W8nj7MXSvxykhk URZ5 fcAJuxFRaPKQMaz2mY PrjRhjPDVIdTQJ34Bom0J3VOiRp kZgKqAyHM3xhHIVItyS0MVS2KWAdprS X1XhOS47PpIWosRgBS86g9T7hG jHuOfGWIZZ3pvrxtcsYsL5W3p grpkb0Dfp6UDqd5tkTMOWBgM9hY VHTroz3IbUwkv0Bej9n0vkgavoGzl 4rVT sBTB6BscDNBv5 1JdHWUm1MMc9yIl l3bkOTyCYi1dWyLgxOj7Q5HVy Wkd5B 2byTZtziqR 3hHKWIQdBshd65LzOdTqg76jNEVryQM,5.731942176818848,3.4897313117980957,5.674637794494629,4.654846668243408,3.830671787261963,3.4580955505371094,2.7459187507629395,5.47390079498291,4.7811479568481445,4.445056915283203
ccLuvbzKPeNXn4YteDqIcMJ XqIFRTD4Ugm68pS3imbwWq wkmC8uIq39EqKtmX3i zVC5LKgVKU RnK5Ucz2mDLrTWjQt9RIgT qqTGRqJIABsElHup FCxEb5m404ugS6db9DWPTu1dnalx5Ne iugHEZ1uQ0ojyUUANC oqd55L7SdK5C joFWs6fdAlgIFdBP w8vkmRM8fhrUsCHQ lqwlDv7nf2stGj XCYZ5zeubDTn61CBHCRp7x3yiueQXm mbkMeKNdoLBKFtTuk9rjErBQYZOK3S s89673Yv4ATdWJG,5.027525901794434,4.029106616973877,5.445698261260986,4.232174396514893,4.583874702453613,2.4964730739593506,4.821608543395996,4.942708492279053,4.571774005889893,4.968749046325684
cWNlpTTLJMTPs936BVsBP16k2RMh YzLNvvxgbY xAoIFPRF8XpmMdClfIMkL 4YDxhg5e2h27k3xvEPb xgIvvHWgdpMDiAEAU1VEbHYW4FX JNDGFmulSbGtY7DlqXaG9d BNOU3m3 MGTppioCphdA0E4,5.807291030883789,4.470484256744385,5.0334062576293945,5.19714879989624,4.768653392791748,5.352845191955566,5.568915367126465,5.684722900390625,5.240319728851318,4.956417083740234
X8nZlR byeTYTaDDweTVSdH yWrFFL0rFuUT8WXX5FzZn3uanlv QeblSslt9UtxcYnL ZIT7N27T6U75lxlDPR1YtmA GVDee8WWXFnZPEJvmiMYVNHVDlhs9uH L7Qr b4ouFJbC 9igheAFofvlIUX z606 fiIW6IEo0LSv3R1I 5zwVCbcHNm55uEA J9QLuAuVCcSQLzCBdcQOVNnX kHrDgRLtfbaW9WdrS,4.78009033203125,5.051470756530762,5.265561580657959,4.657588481903076,5.078954219818115,3.275608539581299,4.9229207038879395,5.68673849105835,5.559319972991943,5.0576558113098145
T2qsHM2yoyBcBN jtOM7ZoGoSabpO8IMha2G ZNhjlO9pSXTyOZXM5fc2twDC oepcBJ4xp0TaS HNjK cqqjuyshPyGLCy7fo9fxodpXPir1tO rNyeawkJMx38gYby8ZY ImsqUnTaBVyWoke8K4n0ESJsaLR0 zQZSS91y4EQ KDrCfNgJ4sQE 9Oh13Tf cUi4sGaumTKPZpgcS OXbmUChVnOW5RyTCgDG0jA1xS PuuxS7EPM2b3vxnLhC YFd0lNs8C1t Y7SrpauskwWLva0l0Xk3FHDSnBK7EW O4PbM2RM9 MDxwxg0hMYvznBgexz3W OTJ9 GLwd6uxdX5WL78xKMdHHndL1Ir4 3SlZ24 E8hjPyLaNK18G,4.64959716796875,3.484165668487549,4.341738700866699,4.2808732986450195,4.4098944664001465,4.198462009429932,4.334237098693848,5.513610363006592,4.964332580566406,4.00450325012207
ZhWpYc6GFnuItSr2F FZmYS ZvICso8UaiyubwppJvBhlFddd08 IPlbSUZZLn Y9RM1qA6Ud CKqRqGMJSRIe AIgWGO 8DdsRqBH5cN I4VhrKJmAeZo00hTF7Un BqPq7 qb3sYz8aVRyWhrlgmOud3w aytm0CiJ8HZoOwKW n7JfJtcvnOzn 72dniXBwLfso6PNuziur2aphK0WD0QT u4BaSgXO700cwZEj0phP7V0vH7J7aV YymFOJoa0 1nUg1o0zweeXzQ egJr5OTomb SMZ8 3TVEJBo4HGJeCqN3RGsRgfb5FN emQCmNbLLUQ bIqxE6NHoSDeTOInNoInl wZdmyVjafl4zddNE8 kQv9Y2kvz1833jQsAwrc MwJEzI12rY 9COFRSFR0tuasdX,5.642960071563721,5.480196952819824,5.278741359710693,4.490058422088623,5.115433692932129,4.6134209632873535,5.428259372711182,4.853457927703857,5.578537940979004,4.71782112121582
EfnjJkJhZ3q1Qbp39kmuh pV32FDGzrvw9FLdW08fDYYLjnQ hsF2eCXBaDhlMys mcbUB7L3TvERIKiO plTMigwPdxuSEygrjaePE rDgg 2uN1H5QEZbPeVzatL ZSWlXTFO1f2hmSwFDdJuBqz6g6XqyS CAvkp7v5wSjtfRgvy0BKLXV i8jzsWqeIrgke0L3z2HdVtsck0YJmC iVZKKVrYaIBWuiBN75RZ I4WtEGMCx7SCgD7Au77mDe34IuLSjw 9j7WVpAkxP3WMv52YptB0srprHVWB Xrvt2FCS76JcjML8ds4 YZCoLtgrF8uk6ZGDanTtj5qR7 TS5NwmwsnRGkdhlMb8DtLKB VEY8p3xaB9OFkjCDem36hr7wHJI lXJUCdLK3BT8cXXKDyhYzQQMfDIAb g1ZlHauYsubx4vTyoL6HlnrlgPgQ 07wDnrsLmqkSBi5Z8Fys2XP BixICOdOobpLKxqaxKUb 5Nic8l0XcQ LMFUMNrg8zouKTOTmSSuqaQV81Xsd sdWNKa0EfTiFsKi 601HKKAyewdvK1dvIZ2Y9vhWOLInjOt JidVDp2BE5Z4D2 GWRUz3nnuGZeCtIEJ49WAz9NRHS 6glqjGbpCgjUXQmABk62 txK0WPV6W 0Qsiynl3dm AjKqT8UcP1WsItirnaj9e3BDbuZ b3WgOPRoDeBnkF rWRuoNCnGMUfrHO0esYiErt2Q 10vY kLviWI8dDTXAmqMFgv5ewr zE4HjwyC5J3SMcXRgYhARzNYSs xTFx1Ru8vf9r9Aex kDv36yuxTanwieWFJ jQmovJd4w WyMHBVUm481hBCBK4T1UXH3VuT TLh920s4 UrybHYpOVfztYvHENVw6r4j by4gncY40 hpdhB5YKOx QEKcmiStgwpTmd rzu0P7gOqAq434FyXAA0rsHaJi8a AgVZVSyLF dHlfK5Xmcxl8RocKXE,4.934543609619141,3.4888381958007812,5.3891448974609375,4.025816917419434,4.510516166687012,5.373688697814941,4.38183069229126,4.684125900268555,4.786864757537842,4.622678279876709
YprEOa8JMEHa5755I wQRYQssIk1oZyb hPV3xTitoz6V1pZenwEUcWzWhPY 7yn5FFl9rpfR3wpBlJfq5d3FmN yUmzWkojSfJgKsKx1Q V4G XLBl,4.705894470214844,4.8416748046875,3.224564552307129,3.977456569671631,4.74971866607666,4.8975701332092285,4.768534183502197,5.186768531799316,5.339841842651367,5.039882659912109
PGr4RPSD 1isbTuR f4JUnGu9ddq30LLwZdPzRBsXmLP qnAm Zqpn8c1t1yyVCYTW5cExCGGkRr tB6r0kgdtJzBHU Z9ITzAd2FP14hf GAP2MtXuclSqqAJNys RoKbwaciXZ 2GJ9NU7cNIQAQXbmaGqOnNKulHLw knyv35DK15yKK0G 8UuAN3Op E3IxgsVvqXYhJPF fTaPuvr zT9rBsLTqLg Oox5 SLQH2Yfv1EjZaRaIREXOeLEGZPP9nK 0UcW6dZNI25RkSJm FiZVIE3FsuhVcCXxBW7D l23Pau2U8wdyE3L0clg9 BrTouwazLNSoOWTId9Vs2WzmXnP9 xqyoTERDATuP fS3ljtepnpoeOheTJ78U14YZ Cv9h6yxCoFG58o8oKVmHvEkZ3Oqg72P oad7 Im7zHmGm7Ht7wD7UEiqPA6Y zJjQIS14e2ZPN9J9GBKqyy8kw3R24t zdxCad1MwelXEzOI8zva rgYtSrbPg6bwqDE2BNWw2PpEsl9eOyg OsDjJJVIKlFtEBe4C2yx0INvjYi0RS8 RLnqGof3 B5zrOmcBRUViQY17zbmWSKAO1,4.763758182525635,5.164530277252197,5.220170974731445,4.554073333740234,4.513509273529053,3.553959846496582,4.99307918548584,5.354109764099121,4.201258182525635,4.272096633911133
8nPBEKgpGZwo3qsbHBuLU rx9 a4F20Yc3A7sHCJX3Y2n6WzE 7YhB7NJ9yyR7z 4iMqBFrqY1 qqgvR1vE5ZjeeBlyP6yGBpkN1aWU lPKvJWlzrteKyfa 5jaI3Bf2w21sPBqpBJaltLlAGTLjW lWucfXIpvHtQeOn1GFZlK8ehOWE Xh5K7uJMXQUkEiL4y sqMaj 2RN9aEX2N1dxbY02qg2zd 9xH9t6al0dz gzQ7lH 0U4Apk8pRw0Auvx w6dxWSHBUhBY7wsJORM02VQ8VaoEFt 8Ic QvYhs DMLztYAcMj54BfcexdSrULtxepZT JoBI8jbio5QRZHv,5.094065189361572,5.297868251800537,4.905759811401367,4.765052795410156,4.925350666046143,5.128765106201172,1.7296643257141113,3.886021614074707,3.725919723510742,4.595516204833984
nSJawvmj6UL26829jpTSQv4g DEikWQsMaqJlQ2uA3K0 NC3yWKCX44Z t2Wve4NSXZPBt5nyFs L7oDdAze7eiDiDWIkG1OwIGdcEu RAEOEiUKhEUmiMRLE ssQrb5cKpsowYbzMg1Jv UcBXTPa rCAzrB7V4BzaCrPoHL5Js swBKSfheU8S3G0eEG43mrUyemDOjrWS hQMtFwIPezdfgRIR5dyOXA3xHI tTK s3DUzSXoYpgTU220Dd9E yySCD9v2HVp84OU7AB6hPxm1hSCDZe 8Vn85z2zTeQbTD1thjG1y7oYxth 5xXE9 hRo9x83Mi4dQzvWBV5HDVYw0F QyML8YrMCpLcC93 smF 5PCoXm9789xypBayFb1z9H 30cZO1 sDnPjn2qbVEgqzzR7hX2 e4gGb 4tGCGwpHIXy97fiZ6ykVCV vCqMAIMceTWt fV8seirMB38Y YGi76KgsbFR5eqtEtZVEHRf 3bUjLX XYgKgOoFZAvA95UtZWF3 1xn6upbTnOKGtTCKSc8ovkM4 ykh5tOmXUg ah9Hu0dS ROivRzjWvOOs1cGptcT CnO6f459stJaz8TTPr ZOhYBAbyt8IqOxSDPjBArP nO16RCLRk0yT2Y8OIvcMqI5CvC AwT3dBBLmd08PLcVIjrM9tM n3U6q5Ilvld93uEezStbN,5.8024773597717285,4.561351776123047,4.843230247497559,4.763232707977295,5.186872482299805,5.18562650680542,5.033580780029297,4.572075843811035,4.497321128845215,4.689724922180176
veIjPgb9q888UznnVVatN5lZIdxFWGw jXCQZbhc 1eirKONaQ8re nfy qoMFy32 Mz0kdgpyB 9fUJvpdngHvY OhkMkgMcUsnHVvfTa88d3Z5wwjW qvo3c1Q NWEegcUXyfRC F6vapwSMMm x9HdljCO PTLoaJt 7y0c nb9iF18wpSA6SDVQXVaR4 X65izuSMDNconX AmsqAHuv o2mWv3emZRlJiXBYtwtyivVz5naHCfA 5iMNqMSs PNEd 3F95s4yLG9R5V8ba9byIhqJsIkUIz 7XIc QbLBkqmpdh3X7pjeSYPCAxaT v2qg9q9zxZkcj0SBg8qS1 nw6FlKIwR5smHycVbYq72hlYIQnxM6U 89KoO1RED5kuHNk 9od1nWEHR4ud2QpHO4NrjCvFcTiar VlAXNA0ZnpNoengvRC 6R54xG5D4 WYfWpShZcRWE5bxzCWvTwkJ CSFtMUsK9KUNHRu6c3OJsWI esy2mO XT8nWc poeBoeRADmhclarfeCEXc xCEG4ffttwmoPWF gryjqAl15Tm3YT6P6jBXAP hLgu,5.237936019897461,3.993535041809082,5.56791877746582,4.8658294677734375,4.4784722328186035,3.6034250259399414,4.935482978820801,5.505709171295166,4.93131160736084,4.475681781768799
Wk7w x0euii9EqNohA K0iKfdaGT5VOT192sOTNlzi3 T6UUiYb4JAiTMwMZ7NB1Uq Ic9RfqXWlWaXKZPC7D00LtgXmmWNix bcNcrQdFAy5B1uLtSMjs0PIMQGa QDZ7m9jnA0ei7vJ BuYhlbXaeTeXFzrf1ic bV8y 5PiJN5z8ZyqWhV8B te4L2fh3rYJdqSp46Ofo OzUgaWnXTJl34SBFr ZXjB7n 46ZllOUHs3QSP8sk4 cCUwFIEjIylcgirtNkAJC7j N2KRzZPoQ8fmzdcE c8TcI4fDZy0Do 4gfYXRoovun 05kLvruqVXdcoROhk9dyZNC XjhlPlipVOUBs7Dz EbLubCnvAh66aR01Hl7 jgDAp4umzH5RzEDchrK7e2 uTjvZ7iAKnf7Y2zlws161 kxswVkdaO3HO9QMgAxEpvR2xVa HZ49K ARcXti0sxB5Mnh Xf6CYTEcBf6z6JCvbtyxU0hYGmKt si2cli5gCfnxctI6aNW5bQTS4pa3q 1gP98A4avOfpokM1FL56ZyKSWvEljvu MbUMaJzxrJJxN2u 82SKVtqmQMFKl27DyUD1KOxLVEKG 7NN33hJZMfC 0a7hRtUr1CiS4uXKYp96a dO0zZcEpmuXve4dmLdBg CBMqI9fdjfJLN9eCZIXxCtXEH JaPKK jP8EUrtIrHaokBcA5K8XplyO1nrWn pqsrTC0tSYbJO5lq0x1JevjPu qHqQShYUk IXACI OnhuUPEpt7TBKZY8MZVnVO0 6Quq5 zofu5bzEh2hn21fxfNB2 Qqk7zY0i7XAL19xLEpe68dRa aq3rFu0KRw7NVZcSdkgs nCzABHA3XSw gCF iuhvpwB2o3hJHJkuMLKqlmWyd1 8xvkv7i zKADnRjxYXgnk9MXRMLu5nD,4.832798004150391,3.6627144813537598,4.745525360107422,4.226099491119385,4.757855415344238,2.9501793384552,4.419317722320557,4.947914123535156,4.889419078826904,4.607458591461182
6zHH dsvols2yW8cb39a4X2vMJ B4Ds8Tw0 8CsGtzYef7kP96CdvmMlHvgqTTRFYS cJHN6sCQ5j59ZYb OzYlCfZAxTHXYqEy1pK76i Oo99d9JwtkW Ip8Egr6BLmR189 DMPV09zJvrXJ608VTrhUzAOwB0hLi TvFvM0Q zlBXfeHLgUk aomidUnkERgjpjGWg3YWR,5.392203330993652,3.9781546592712402,5.0955657958984375,4.332898139953613,4.903436183929443,4.168880939483643,3.7890310287475586,4.32775354385376,4.006567001342773,5.817606449127197
L0NFYgG2dLSvEVse2bwk66ECgLLqeR TT5rkTAkqG7ioxxmthqq1q 1QA4EvLhA7S72H27H4 fo5JWQIgoMveCbs82uv GM023r0RGbMTqvdgj4QRT2 AMAPp8aUWRf CVL3v4o6zNw neAs0AoyHpG4sRGsbCU9ukX UjFHjypgsMDZcMuWt hCHCYCMCD5y5oDgKM VhBAnjsTiRvnz9SEFTJflUmBD9UZ f0LI8cTX4vHT EZErqLHntB LHdZ2oXDMnAx9kDUF 7QeEw1hd 0e3x9eo0A aPVcWXaGiLcnZOYCtKiW1ClM D0tcDYxPkbpKpsSh2qpYZDQUDRv wXSAvGL4w8anQBIhhX 6P4wBmP9,5.747194766998291,4.604381084442139,5.137003421783447,5.009530544281006,5.795899391174316,5.479910850524902,4.594645023345947,4.493684768676758,4.80687952041626,4.802628040313721
wyEUav0eMRFezC1CyHR1mK5xm7zd yW8eVQ 6g4WGbp2PqyPRf4Mmio5De1KMM bzLfJPRrJrlT8rlVvw fcoayxghTI4V6pJCum8uPz43hA wJ0 dIOO7f LcoOYY5D6rfeDMKhf XyxW9TFrjDjjARftcid8V pLn1w2OqihfWkzj9qHlVv7LSDWWk 1mR77KW d3r PBmct2r CMc51Jx8HoyY41dqr WLTKGkOSNOw7Y0xicnrE3DGEe1zjjs zjnz5TDJ0jVNa57ObH51sr 8KD0GuZ4D5T2rzWWwDLIkA PLUG4ykjavMUgNYiKNhMxB1M vQm v2qX4jsWSSqJo OvLv qiUU1gJ4p8A5K2YWOM3R9s Z6VL7F1K 9jQC0sXEcJYOzgQobUq24J3OWmymV t0HydUEkSmEUwVbQvgmWSPicz5b4E0 ScnC4pumVzX WlTZuZrYdZlvwiJ ZGvOi Py6Fe67dI V1F7hNHN1O0Mx9vvG2MsjerCfCMAAM tjdGEux20vHhx4fepZAXuHaz Gf9tc pknaxIUlCIFLroKU6GTyymZ o33mptkRsMQnEMTZGvrOkz0Ceb Z61TcwpNUu8WDZiUqwPCcQ9RN M8hj4ufE7402z9qU00,4.766325950622559,5.063704013824463,5.342952728271484,5.144258499145508,4.884129524230957,5.586930274963379,5.17951774597168,5.6260528564453125,4.837571144104004,4.725154876708984
6VShwQSpYIuIrmIVI0sWi 8qaJz2W4Po0rKy tVf0sFVPc50I pPKmFslrzMZICzq1N4eSxrOrQaOuSw LYueM6W6vLl SzyY4L8umwB1j125o Rvh NEzK2LjEg5Rc pZD5hfF9YpUV iJiOQw0IEpjAKM8DSGz6CRHwwRqvPg zeStkh ArmCGmW UNYi 9sPPR LDDryuQiwGqLZqc0DYxU9y5i bNfhM maRXLS9N62TWLY5p DWvEjT IaA2ZjsRjCxXz7xrGlTK CjRqPKVLENn98pT6wBePxeWEqMGZ NtPtr0 LSVIYVX40CQq4Wzz2Tt26yPMnE OstXYxkbSEkEryfZUKqFJY3FjdX i6JbW3lYu tdD EvW0MswKAerFdUH7IXrOJYWC v52lpEB VEgyNXZhLABbRtICoApI43CnGV WAR25jFjBzIkZYgF1 HTY53vluvM5Zn1 4WE97cdjnsaVJLDiQJLh8PWVRtM rA2CFcWC4 S8GHOrelHL YcB5zN f9JPaKLyeuTVsSHugxEKa8v4jW BRdKBrrvQbMFz06j68bGD,5.494376182556152,3.364797592163086,5.136234760284424,4.836513519287109,3.8523612022399902,4.54014253616333,3.1947150230407715,5.419192314147949,5.091391086578369,5.452144145965576
XxaglcKa ZCI06AijN15UouCJBgwQVeaT jhYf2k2FAkTLZ3lDEcml9RJy 4D2wfsgfibuQQTni2yg1SIcD1jTu O6EySWB 7RT TEXKacg6VrVQpwq RMqPRqeuLI6b9Ojl4YLfiBYg oFwlloXdDoZm09Ch zH6KW4iAw1P0tf0fCr6woLDna DHdsFOlQu4JA61DK07mYMti1dUGVh Nu3b wX1Nja qXs4 pbS8n45zWxTIQ7rsRIY1tcjxR BAQRGLNELmwYHg8dQDtwP nnz2lWWx9hem0eNzMzn99fXeU OOBkFVXu VNGbsmDZDdU8mjpRh7oa1ZssQ0K FKxiwlwoCqJmimVU 2i7sQkoo0URRJAeGkfQWzu plO85Mqw7UKWUaklEXb538RT7taM V0xGrAtN6XWOM96 Xm7Ligb23LSi4zAIDqRtqHKgoWrog t7Pm3s8esvGiz6bmCi cmLynhRsoAJ yod4X6ImPxsAclS8hY2C6B1fA3m zksqqtIo MmBt7DmZSNO0AqfsTBq2L6p OsEpZpWCKXMICm6hGhai ofZDOIhF ZJ1DjjP1OtzSvfyJaVVrc9YeRld 5qAvYcSsMdJUvNV 2tA9EyA06e9bgq apsiSZuaRWOWASu43Vd5g1afIuk F9wPFZy6PD6 8EcizX zgQaJ734o3oLRfsjCFVdt41zXS2iq0J 284Lg0UGs mt168SOaXtu jp5hKdJCI Nz1xJFcQnx3r2KYDiaqKgt 8WTJ,5.278689861297607,3.1918721199035645,5.789279937744141,4.628747463226318,4.46884298324585,3.0098280906677246,3.410412311553955,4.5896525382995605,3.860238552093506,3.690772533416748
YM7mGbIjDzpYVkshuAfNrotmw 9S0IYvktVljUaDhKH UHm xbG0D5bIImz0M b4tVDGDw4p7mTjcHfy ySd ekF2vKjYHx0f4Rlr2DUxTYbGR gBB I1gLVEplSt0S2CbMWs1WfleSzgy sSdNx wleFH0AwxEjuNAo8hxJN0TfX Em68qh5L5vEl9kObPFiin4hHAQ5x8qq tnmoy cvDJcxUEcwuKc9CGp5jod3 FCC pucpoLPiNM3iZt7NoUr8tmeFNOmRb AL4Un6tDj b0y2lkWk4Yh jM8PybV RqIXdQI6dkTfC4HVezHdW x2aVJkw0T7U6IZsfZ iC9kxBtOiKENgamXdYf4pkm tfcYETFjTRwTB YWRz77b9GIPC Ih8fUgfagkhO48NeXYcnhUTc1oP2 wt1gN4euGSLoBec6RfiQUobQ v7bPArJKEX8gcj2ZRpmOC4svNspV qA1kq9Hj64P5aE F7erJxjAmJojCOm5uSi9ACcrTt7 ns8BCUv9MjmbjO 4jqa8LQU91CwkqTOm7 p2StDORTF5HGItAsyTYJFE6 4SDLKHzrylWvqwGpTS7eKWM5bYs5L HilMooUZtKLYKmL1N OIkcPowWtajqSIKMlpUzuE ReI1phnfPpcO9Sw Zx7EbxADGUepcNRgIdgl2SJrcVPzX uoUYvGLTH6lPzLclGXdiSr xLTBxQ 0BuCv0PTZB6g0F NmBmHkGAh jvA7q7OJxGF8G 3RtiPaJEDGpL4CXHei21so HsuRTPty2 R7dkVOC28d7YGseAHzentxotp7ly C4Weus5OqvAj 5eyW5j58bqsVaZnm4 iomywMQilI4z5MW 7yMCek rZZrCZksPw6VXWoLbbHuBZzwSA H8Gzw5cVlLNqlz6vV,5.060022354125977,5.2105584144592285,5.5738725662231445,4.607074737548828,4.80790376663208,3.821333408355713,4.766989231109619,5.050475120544434,5.2849273681640625,5.139665126800537
LOdAAY0pipyDVDEnDZiDDFxWY U8Pcs6PaJbxZifOC1mxWeer25CF uP5VisGfGJXf xo3p 4i6Md1qfv4mj9Cyf k55yc7 rpktrsPM32tn5NOiP2FXPE D0JkjmCBaRHZ QPXOUlnO HyxyL9TyGxNwZcUygehUvkZw6mW XR1Vcdz8wUZwu POH2HGaI9JeGPKpkUCa8 bLn7YjpjSSQgLxk5DRWI guhxzQq6X9Er5 LIMpl0eQugPr zL5y35vxIzGGeeHLbX2OwmQIhtqotxV LGmDtLfxwBeui7mHrjDjEp1 UaacKBwUtRiV4fMNj7ehBEQj9ki Sr0pCNlLUIyPfJgyl38ryMt1ckt7YA RjpXPMZOTpMVOeSjB bvo8jMTKsHHRfd7oXyx9kuhQuS0 KS73s2Yxl1iX5qJqswztvnGHW bzH5jkdINoCRiuMhNFSG0D HuwGE1N4NoMZx4R HBNwt8w BfVCFCN4GD 3S40vT6YaAWgFK6IWVKA 7OTTmwPysRn2SafiJCziT9x2GXw SLdjqTsolmc4Z6aRLrqcb39IF fysvWuc9sNFYk6EDY8k V9urS4qtVboP3rYl5 r6ycyQWDaVod2j0RkWwlEByQ0AixEpI P7tNxk6OxtpX7QT8Cu7 H2UvGAiOi0O2V32Zazl6 R2GlDDe TUjd9vEf69 HWlP8wvWmOhwa2mO8Z0SWsiwkcHWi 4F10N3Qs UQohmWxo,4.640357971191406,3.989074230194092,4.903864860534668,4.537414073944092,5.376790523529053,5.135660648345947,4.167538642883301,5.316094875335693,5.20641565322876,4.3628997802734375
esStXut8NItBe3 AMzwLpehr1fBdrFWmFpnrDXtgLoUCEW FxSCZzp8OnK3XzuVZNiFv8wbyY J0qAFc026dO2v8rNeFj 9jTWUk6lbAefD86ntvRrK4d yu31YajJfnEU oJ1U14EJO7091yVFQ3SOjOLOuK xeMQQnkxLKzp 5uLwUc8TCD77K4JIyzJOXhVxqIMWM 9SpOqjglMCe1jFeEfZdqqSEC98rHLq,4.575016975402832,4.04103946685791,5.467849254608154,4.843501567840576,5.184098720550537,4.454759120941162,4.383332252502441,5.315679550170898,4.713855743408203,4.822977066040039
O3PHF0Xvd1zhByssrx kteHBhreKPb6B69nz9ChaYRe iXXgiOH9tnYqMeWT05CW w7Vt46bPaWayw99qz5twpt5cy7E8tBu vODpJ1aS L6x4Tj0KiN39A1hmfW6 HyJFwAZp9Pv9h12w 6Lv3fuZHwhrLBKxg oCXTsLC JxxguBDPPvdO290nI9PDe YvGoiR56V7Ms1mmRH0t0qUc7aJ5k1 0fev7fowto9IMd0AhQxSa4U jCGo7Cjdtl7jTgp yvE7QMlq40nkACe6eaFY1n MJ84XAg3pTEvXFPT7zQs soa2 n3Dnn5bIpse7HwGN 4ZYFrnv3AtWRBhJF55O1grWo32Wbm btAuK7U6AdSwTjOa 0kzbB3OkPN Pl0YwhwiHjMYHmdbfHnEgML ue1qqJvyAMFwcGa0yL2 XU9T4lYgsMjm1Fjt NXTjMwNFFy9E 80DLFLxjZM6MVB HxPxladmdE6KLfuo BHOKZIcU81t5vTOz7 zna KzmInGD7PFEAM FQmrOJyg8iVy6gZs4gkbm V5Hy9dzOKoNbXgqWot6 HopE7A Y2M ahwXaqvL2XLch8O lUxWGSemUaY190Pm8Y Bk9A4m2AJ0ien2 86ES1S1 0BTrs3ucT 5lMZHBApfUKP6mRL4qdlvls opq0R0JiwInvPuHeHDzhMx0fR9CCzQ kNfwODIH3F Bop6qpfad17qFJZcQvIMTZmTl6N7 QPfM0ZyVjiZxvTUqVGo2cTV ECvzZadka xZ1F3dfUexSs3qe60zkl4eWz,4.015988826751709,4.5755438804626465,5.0576958656311035,4.1996564865112305,4.42509651184082,4.4315595626831055,5.007369041442871,3.916584014892578,5.35413122177124,5.11548376083374
Qt3ddgGxrQBiSH sMdKO4u hx0Ql3B3vCAIWy4UxE02UvdMdh AFT0jkvj2n Vl13lbLLPprQhAOzUFLYWRQLC 4jnxVm8EWzjqaEeCLI25dMNYHCyX Rihp3s Lrpxw8qBYVW1ztB mpTKFBEsF O2mE49Datf 1wjJquij 9CDq5fQs7g zMXnWatJFdvgor49NhZOrz JxpgBh83w2vNHi h6U7Dkw ojU02WwHCZyIBm5pzzsVo4YmJ6qy 3YoVYBtRki ebdC Ili4mnjM3bwF7 R8KWlnw4rbUHsdaX2vvTsnYd IqkdOR7nRYo OkvmkNGmLiYLzjaI1cJ9bOrjAo7oNt h3x2pEr2GW3IkFnVXF3v XSgLaVop uvyS0zS23OoJApmnJj cLpozcrmXwXF7iPCVbIjx35 54BBpEHgtX5EnVw imLmdSAsdteg9qh lP8 JUY7WRkmZeAizDuC41 1HvwjpEy4JzRQJ0Q It6NDIw 4nEctt1j9WlV4MIbZgn0XM1fj CurPxvF31AlxZ mczdJWYeb76CS9z7q 0aSRLBG4AlzE2 OsnqZZ A1kgTY9BYq J0QQtDkNAayq4WGxBUn8q0vRN ZOWyMZbthRe3x7qvr5P7eKNVZZHp xU7N9RS Zzajwz ceP2O9eEOsIEes vxqT5cipSa8rsDP OaZJPlnsC7l7LxYJil 0wfJZuCaUmM6 I2N2tUkZ2FdRIXRFOUmb,5.3849711418151855,4.200372219085693,5.665482997894287,4.981724262237549,5.222303867340088,5.757725238800049,5.298557758331299,4.069141864776611,5.008788108825684,4.964417934417725
rglOxh0r 1YL HiX63 9wHq KPfp5OHYvhXPnBbC7YN SePJseSnz95DORpo PzjHsN6RR5tU1zLpl0fxaZP ctsAulofHZe0SHEZGAfi04X7VdPB LpAcWXLlIx28oum1KtEsNIRZ Hji8hULvI9s0FtuUS 8mPXFjiGp73OFjP8BnW2j7psHoIx8K J0yKExLFpndoR2y HH4RMzo 4gsX5 LVDGgYLIuFe7h5giwayaC4BPvjX0w An3GNWB4 zwFx87Z5oU6H4 xjSKh1gtdgjVeIIkmj jhKSDvFepxJctg0aLe VVIYwDpEDrGEpZaAAM9lc4hu09r PIPVg3y Jp8GaFWVQFKzTbnHYGxWLfGPB bIM6kWMXoNoQ P11XUWgSpuN 1VtRA32pyId pBZaHIsW1sCo9PKS9oJgG3J PFDSIiHUh0EO0yjVLNV8WqIzif POldEbNIGuRO3TzlkodCqKqQ69K Lru9Q3kAhjGL7GGnLLy2uSY5vDU6e,5.2230072021484375,4.112276077270508,5.520872592926025,5.5013813972473145,4.8010125160217285,4.769961357116699,5.11093282699585,5.36659049987793,4.687682151794434,4.478426933288574
IZOVfhrbjOmn y70a8bovVqzjH7Oz rfl9wkdbqe76Kp83gO4qmN8JTwlgugd XpQA0Mu3AFlV fZLlnkYT kag Cehu2t3UAgjpfGIwp9YJd75XM2I0p rLaHR0 RTdwbW86d8S6Ptf4HuGsW,5.0404438972473145,4.71046781539917,4.512461185455322,5.192526817321777,5.171721935272217,5.465789794921875,4.927517414093018,4.726678848266602,4.846835136413574,5.207627296447754
6SerpqHlKbQZTvgw3uo3XxbDpOnJXJJ IuCWQkLIV9NeCdEi6CISmNBLo2yjbF rkofj3V9T1i JqALRsj0t9zeN4iUnZjprcdq q8HcmL1tsUF0AuPxRNteJnKVuANUBaV 0p2lPWEl97X4KGkZNWw8PxWoX KxfcCaLNRF7vVJqHvh7P5gjeB iemBi5UjZ518eWSAxo5X26gIlG60v dZOQMKl74vDV5kQ5FXEp2IkJAx5Mj 6A2TTbCsbQFh61dwHJu2Qm884Ny shYQvXSRp1Q47aZ3p jam423JqYJu5SaFF3Vi4 WPBx2OmKkAeM6tnyyNrR0KI0njTYi 3MMZKeSniINJdU5W8GJcID StZSnOroj zlxXvIdJDfkFJf,4.995614528656006,3.2443652153015137,5.00996208190918,4.270292282104492,4.673178195953369,4.948166847229004,5.069014072418213,4.972829341888428,4.509607791900635,5.3941521644592285
Ayfv0AHQ4urCjBRZoIMA38zL cuQT1OH 8Zs9I61n1y6lIaxT 2HSMNHiIXATaBi4W MBGhKzWgw vwyw4Agzd7CzT1Su urTdhB2Z4cqcqKkCCqSbkm3oS76vj z6xHYyGeSOdU692 cMtlRUOoC3W AA5yu jh55a3MEwhDUJmaENmIfBQ TiHEfrhRinFoG GWDgfz5Qk YFaAzgFyJEJ97Bw4qz2trVHRB3Zi N56Zgm VefbDbcOvgDlw4V ZrhDZ0Ji9hh,4.730027675628662,3.9228382110595703,5.582145690917969,4.793698310852051,5.995055675506592,4.214710712432861,4.9738335609436035,4.947327136993408,5.698026657104492,4.8210601806640625
doAEbZrtcTf4gL10 lITT0 BN3vRUXMCqOSlrs5hQhQyhiLqb JOu3I0aWgFBRU FQV XGL36J8taKV352p OzbM kAJcDoZo8C9100HL1G08WR2I c8zjD6Jdav5I0xFDmCxQg9r Ao2IK5 cqlkQQx9Dl4ZfVo99LNY8RENNZ YV6ZOkeQ2N hxdDridE8qIXmJv3xvvQXOwlyY2m1C f9BJTmD4L 5fALjDlE20GpE8sLcfzXyVWY 72HMLKBIE6JCWqGbxk ALrlhYM6vz sIocyI nmI5fFucaWlx0eMKJ30VjSfZjPPPbnH xVLntI9l7A daBPPYwkrYluLY7HFvLxF5MMADgf2 YT5bI4Xea3n2ys7MsPZ GRvoD52SWE1naAuPuYW FELi49 6e3XWirBG4Snj 6acpSqgRGEi1gXPnsYl8 6vDfsppvsZ38MlIYdZDJi19dUX33dK ytvmxEwFoDzvLZ48kUpUDLGaWPVlRRJ xaXTHW3NXPxQG6QxikX9sV40bGO3 pP9BEtC6O2TIombLL5dHMXCDHm KMTjC9T0JvXWo8N43zM4Y25csuO6o7S 1Mpxfqt rmzmCMsZBfESDrZBQrCIKFmZVOmhe5 e3LUYFYRkZn GYC55D019UxJhmQezD oiT 1UW8sV4sYt B8AXtDYCc 63sJd19NRpzHP8aESSdItu0,3.222506046295166,4.076435089111328,4.188358783721924,3.564394474029541,4.89968204498291,3.414743423461914,3.713500499725342,4.592751979827881,4.852728366851807,5.102570056915283
BuqloL46ps4QmChtsDcD wtbglVyyDyxDZqcz Jo82gfDM94zbjNJ9pr q12 eR52kc3FEDekjUBwSWx8 qtntraYksbmDiYN 6I5RKAYWIG2T0M7 U5jzSLKC6WLIi4 IbSz4JZXaVmyNQ5n2E9Jz2LamWM1he5 zwrlcCEAmpscnFR8qo hByMv4YJtdml yDIIM7WB79VFrtbSrcJkqL6ZlG6hxV Wofi1B1Yr5EnJv6UPM4QLUlcEEEtr cAVOiyUI7j60KavstZY3ghSzwmkyr a6I7h2v18TXy 301pbm2yRSAxQK3k5AWf uOCVGnqXQE4Tsr1bvh5afJjWQPtuI r6sO9T7IwMzYFTUo1hzL 0YAFV1K21RQJ 3Jij7iOf6C3gWBMwFRSHQpbLlM1 LmLa3aHoLTSfZDlEdkEWoBguC8 LoNoZCYe7SwfyM2Xb3C2w pp8,4.697577476501465,3.2388668060302734,4.686878681182861,4.213996410369873,4.861853122711182,4.8114495277404785,4.250906944274902,4.753150939941406,4.415210247039795,4.723559856414795
C45YwFTNtoTixqD7yK vA75bkri9Z5C2uZShQTzrD xGDgOv3Q0jJTMgzRuReuMBAo7JBp lvsCiZAI ep0 hPpnwVcfXBMmCEHVkV7eizhVeWjUm eUUksplfQ s2WGsMv05QsT YuXVX77cGSVQ3JeeojlheMbY kRgbYLE4c 3bs4YG4ZcgDtsxF2VgSixl7JW7Y zlmAnNm4cceBCNkw9i wAJw29TQx nw6lsG5kYpOrEsaR1k2k LmGF0RaVR 9FLw1akSLdpm3jlevDKqdNOh1 8qsTfffRBOlFeufo7jAj8 hne3IKTieXFpSJH28PsQGk7,5.619106769561768,4.363358974456787,5.357309341430664,4.4022932052612305,3.678405284881592,2.647736072540283,4.296792507171631,5.456935882568359,5.48246955871582,3.827944278717041
yXaAj2TbCE8fBfgdzPvtdz ZT3dmQVI4xBe81806LE93cJdTEoF wLmEr chK tXUidfraHjUI5JB KlaR X0EUQzhsMxclpyEQz6pk3R wFDlO QT2GW1D0AMCfuBArFT vYVVoLRN4zvqDFDgP0TI CEafbrI5LWJtPhbh5kkEeGDdK 1elDWU 7qAqdcGxRkAsjs3snOmxGW9a Ci3GR5IJHzYlcFK RqgUP4WPx4jSYA149Y vub67o,4.349332332611084,4.592630386352539,4.96031379699707,4.9124674797058105,4.912591457366943,4.146738529205322,5.082335948944092,5.096860408782959,5.334526062011719,4.55558443069458
NEnHcJW3uWmYxz6Rip7ybS PR975L8OqQaDroUxaMUEW LDNsL0NzAUoigem1jLk vh95cf3bJGP RRSkoOhxLzW9bhr2RO240aXfU V638dH7MB5LWijQxN9OJW8zG,5.103928565979004,4.514647483825684,5.145693778991699,4.7679853439331055,4.623458385467529,4.694789886474609,4.366778373718262,4.736797332763672,4.424800395965576,4.332338333129883
AMyPouY VRDNqlJX4fXtTbU1xJZ1zR7YcGLD KtMD7RFpbTKqbx 5tPtzaHDhxFmtq4wxyGKp 7SsEd2D GpGzLXzY2IKBaABk kOOA nG4ygXl8FfPLyVqzEjZzRihRSIDT kruqn6ZUwgWobOalapqX4oFw 12NayJJr fOYWoj5DByzYxw8Wk7gQ2B 7GALapD0lzisydYwrAhhsw3 TpESkSoojcQfxAB9juAVxMwltw pyvWxyj8pEkxwKzPhWDepk2hxX HJ6euZ6scEr Q06lD7Qe LbDWBzpiQSt2I DAoLgyHagZRIRDnW6541ptjr dWQr2YyOE3qnqa3UIuWr DUSncAK4UnjzGMrs7M2jBAo8Eg vM4KzQQ7o zGgIY7Z QjfBVI2hQcpfGoGW4 V4pxE7G6bo 01jukMtmzfv3jTeqOr90XSq y1EvRAV uPl9sgcpd1Cq2b563XfDz5gUdfHhn RzUmNMIZ WjG92mkWGyA1m8Us0yozAfyX4mMp2gy GUgd1NwMSSyWAvurYgT5Fb 533zeFpHfmvgnDLcmc,5.209173679351807,4.238537788391113,5.328756332397461,3.2893662452697754,4.844586372375488,5.123297214508057,4.896862983703613,5.044624328613281,5.1110334396362305,3.9762024879455566
WJZkMztQyJmpmXNuwK3CZSjF4hesnWA UGzl6lff2OSqE7o5 hcAVOUrk8yF1M4UlnTKMqF T00IwpWf ILr9SAkY17 LMQKkn9lIKJDuvf0zL839 nW0PG2oaV4egwevvNTT9j ArjcYRVE0SRPE4lJwq2K5cD6KMNRm xtiDVFiSsdCoOGxD KxRVRpMgIzBRy DfofgV 377LCcLgf xvu9b1pGJ2xtb0gH8 U5Rs7FhW7STQcPIpOcqFk vpb ke1jbZHgeNTjLbROpOALSF3cpwx1 C87 SLksZnVPJK7BAo3XsIdypa7LngO 1jP2CqrL 1GFd1JqB tDzmMlJkHKI ZZGK3nonHdz817IvRf8mPhRFI1X 6jaf urgpruf98Epaj0T CFiC20TrCM FQEDFZJQqeAmajLDNIIb IR66J1RIkoZe2d4aerSa RrCHhDIMy05Tb 2DlCkWtA8Sk3eQc1 2YWrbaSRiXOJVnqpWagq32 nu9aJyG hdMhK6emQ8EDMhMuyqEiyXc2lfd5KX fY2HplHXrdgipe1HpiWfZ9k zyYFlYyZI7no 4V18XPZ7hk1Tga3 9jYYT9v7fACG7UnXa4xvHgzbyV 8BuZSfSxyhXGzRNU6DC tsCzaU26g7ImlCUkSDFxnhqo4xTDIlH 12l82EwyrEr psKSPc2AIwKehUDw7TWz 3ahS2vCIrKSlu jnAPxYHVy38DxKyUjx,4.718923091888428,4.340649604797363,5.416144371032715,3.861903667449951,4.275204181671143,4.506925106048584,3.926018238067627,4.583002090454102,4.743176460266113,3.6258630752563477
rE1EjtWvy5gM2e b89EkhNDSlmWC00RzW5OHJah kznFyzL0orUgFnGVzRIgamFojiw 2XV4QIKg9bvdUy5YUFig36HgNYPphsM Ea6Sk16dcDVEXcKtMRJu5DuzA jaM4MF4kH2dNWti LYx0AUbzCDiEQD,4.651271820068359,4.477193355560303,5.431277751922607,4.920762538909912,5.1067399978637695,5.607000827789307,4.439171314239502,5.281116962432861,5.081964015960693,4.838737487792969
PRiqAILZX8xTBwgipckUGyE D6uqlr J9I2jBzRTqg k7nx jcvWjtYY8rOGwl5 PqLyAnBLwl6fpe8gBzGg Wzit7D0EJ6jvckpnViDExmK61 4J7qg2xFJTIJ9Ts nsfnKS90w5wkOQsGN BmbxoZpsY7dMAqgm KlwkH7WDQ7caUE4Qa2NaAiEsHjI9 KMHcrN2qiT8DctzBXCQNGimo8R1yURe rIc4 TOedgQ42 54swJCyZJxaQNez1tZNvrq 0egwbjDp65sCy P3gOxgnN BGpKeOxVGrX5xjLQH 9WanPa M7NT4Np9KvweJAmU1o4CE2CYZPYqyS lOb7wb2pajuQVSclWQMMu HdhHGP IYO v9fvNT46kvUxEA4NbcsX 34MJVK3d5zCeoLjHB0Msf0i92239 JF9K Fou7Auq8RWNM2DXS JsxVV5kqQ1jjrNUGFDvmx W7lOvcb4mBlIIysZpaJ p2Silw3kWMJpMEehinzKAOE zZxLVnYRde3dFq3pRuiaG09JKYp 6FG7airHJ 3Kqh 9CTUTCtBLT wPZRi RoWDjl4SskPpLqViWvR3WwqcN DswUTfULjnG7Bv1Hp2pECW2 ruYyZx4g8D8PPdscsmn3ynFK9khI LiJq pmfhqzB6FB4Oq qvLEUUkwiPlt7HXYg9TpStgde c0mg9sHjIZ FpzSzGAbFXNhts eFQwQ6tQzcs2a8J oUuv6EeiB jygqAHu3pJUC tzdEdpodvXHI1xI DR43 EGw5L9a6bSxW0 YfM7uvRC95Nc388E4mzDVhopYiVILQ LeQMjiGBm6aJc4ePJTbLS1E,4.998558521270752,3.5186896324157715,3.4656882286071777,4.337663173675537,4.3630547523498535,5.6700592041015625,4.844998836517334,4.810971736907959,4.661869525909424,4.7160234451293945
E0Udk2SS3bxbvMzTm7yzhJy 94MKYg0M2tf0 KXP83LHai61M75y5E bZeOWzjphCox853LALt6TKNj1UEmfCj jzAoYob1xYOvzD8S3u7GN2z pt8xJjkJheBW5nCX mF4uWyPDeIP4SJy7lc8QOHSQrwZ FhZT0GqJuR6Nri0Y vgnKa2Tl4Zum 7rsbMUyUa7l7bC6M3hsIk2YO2 XpgCkpdbpjHmURcVGUKyRenuE1Dp8 1Lr7woE23m9iZrP RGKc qfg P2fG BlQKi8SJ ewpRwZLHvxSOOl25YOlu tAcqwjRiQaanrRYSgRonMM R52ADgHLa hTvCKstd1ROFPK6JkB APnYIQQThdjSyJ4SU4ODYe OeyEGjasuk0TNtreUyqh 0Lxm5DryDAQZS6S,5.139319896697998,4.522256374359131,5.556596755981445,4.91629695892334,4.144780158996582,4.940144062042236,5.346329689025879,5.398101806640625,4.159468173980713,4.365525245666504
UNYK60fB pWQT7Tj0PkqVlpX7jxPUTLRrvSVC2Kd FsrOS6vcVtfqj1IgEtlfmJiLnKg P8MpiClJfVwNGNEJvTaWlGBV EW6deHtCuqmKcG2apj RDK 65QhvKiMsJ2mO9Yb6qu9OwJnBde6zc kkDezkv7S0cf 6qqT1kbONI S29JTSpFDYlqP01u4 cgbH2kXiDggHMj 8KNcjQsdYW2G6r CaQPtTsLaFtNb3XoL SYXTr3PyDSq6aJZQD 1avXu7z dtdytn8fjGDTZYsv2XYDD0BsO bDwkfcfrhXOUX8BzPEBBxU2mLHnzvz rRaS4dn0LWcVeyEEFFJ tAHCuC7BoouXx32uODOwR hVZxVFzRJae6tipUT4PJgj08pFj XK1WqJYQpLVg6hLewJ0ljxBlhya 7yjz1UuM18Pmg XNS h2LmAP0jgUqLlWlhMQjDLklaW5Zh6 5PYcEc2TqKA2qOEj39xwJj7L tliiuyChtJYy4F2QXDvyugpuS St6raQHQ5QTMLRWF JpS opDn5rv4qxN I4vbvpT5C9eIYzT14dIDTxa7in7 7WbjO jyI6tbFpItoDW4WrlM g45KVpn55AWacYj qrhCbV96 MZCLYt7JYGHG,5.176420211791992,4.1314005851745605,4.15216064453125,4.726574897766113,5.110495567321777,5.408943176269531,3.380159854888916,4.945166110992432,4.546934604644775,3.8691916465759277
