prompt,625503,227659,568740,434887,569278,727126,56225,562513,355497,858691
BuMnE 2L4rF 9x79qv5HCM2 f2EfrrKQGp9IDqUPxu9c62i qSKptHk0IrTeYdYcy t4ocHZc8de i7HN7P46Zpyg3svrnbJMXU0wJDzzo 5yzF7C2k41aRR6sxH55z5HQ28Nnpxs FxF zwRYWL,4.628076553344727,4.834257125854492,4.001163005828857,4.833320140838623,4.608911037445068,5.226512432098389,4.984520435333252,5.359002113342285,3.2560815811157227,4.32678747177124
ysSlz8rHF9osMxQ KAVD h5j2vYSQGtuuyd9xV2 WIlI1WdPbwGqZ6lFtKgQgLQ ozrlXn3JIXsg7DBJWU82QrVgH JMdisp E2hzokgvSfc ivPQ5mLSxRRIa83deBEQ2RFhEVuF TowmWRRG8RJWY3KoHZ6CHfInf6bu Cd7Qrcroq7 NblqKOowHNNghM4Yb nWRHjB7feyhD1NKA XERwWj 29i5jsl0HxLj2chwTM LndQDwdiFXBr35fFZIWBJia60u baeLcYL4ZfWgGuv786i1y6K1 0VQK OW7MXl7lFk7 Iwdp2krCBU9a1tV1zeNq 6QKYu3JuXIt6mOZlIg k3sc2ZvHCxkyWAlj MD8mqm4B0gUZC3UUdsTbc2gP02MEL dn9HOMyxus51Y3 JDNidoQk8SrmIWML40H FhjHZSFZ8tE PvvrRlJ04 5XPv ber fG34lHZgwyB4wAlsnHKgtY487VN1uhX nsisYIlvFfdiOptgSqVTb3LFn 6cz GpC3BkCiD QYyKvF8Sc91qgv2yM5koq3KY6qqv n2XCLcDiYzVhZtstJiED k4wL5sT2 cBGUL JtFeFP8TtvdX3pa3EWqk98Q3Lp8hkw6,6.191629886627197,3.0955986976623535,4.609977722167969,4.541706085205078,4.359856605529785,5.4535698890686035,4.129594326019287,6.127708435058594,2.626328945159912,4.488489627838135
JRLNjBqpu NdYJOIiRW 3vRrXht EHTHzGs6IV4uv5 S378IFKcbC5FSamd1NqMHvmrv5y 6GQWvMYSztE AQncV7PeBsdT P2sfA8moYBVCYySQNhVN49QniE BUI16Id38bVnOHQ 5GtGJ0V7SOVJBM9rdHL1Yd HRpfTY79zUBMS3NJh2F7a aCGqhAiQXyILLysEg lUUW VS5aGbZzeYJmQi qcQaTwxZY8j0 WTL vUopzIbyhbjJ1UH09uTiw knW6pKO 4KF EHPJIGH VIyMJ WLYQ uC3e4tyRxlReCP7uSZ OAuPsUvdn8Vcnsbyode cJqW7c,5.377306938171387,4.791079521179199,4.6246113777160645,4.580552101135254,4.565046787261963,4.992645740509033,5.349707126617432,4.773196220397949,4.332984447479248,4.768515586853027
UfQqOn wIY55Y1lwTeBcIzjEsHGknUQC lA4XPT1T8e3QHoKlLIA k8WvIu5HxC9R9sq8kX 4Jhd3sABpoTYd0xOhHXFrhkLs6 4C58QYsbqotWGxtdXp1iNNZ W8wwCST5p3kgHsuDh6CTStd JGh76AhKbtdKzmZCGv NdQDfTdKMzTG3ippyjRbX UESRyInGdApnXdSZDRe7 zEHKk2wAReSn 2seTd1pj2qqPAs 2fwACbWU SrWKIEba23WxP4gCc2q7gVyAp MnK64Vdsw40a1XbjYCxcLslvLYqzMO Wzv2lAMNqbcBQ1vXp05IQn12suM0p KOYd wEORxrx0zXO 9GiHwrlgp6qDzWudgl cT15SmRb02cM0OheLrMW9O1Ne ZvxLlW741j8ktybrDECk rqhKavVadvcLRqw4oKtOI TGBuMIqI sXZCMFWToE6koou iAxNO5cKiWoUbGSli G9oLK1LCl V9Xt9IruH2HisEyxVfZTYNBxo8mnoP FiGweVxksMsLU9Rq16Tt3QC MIX K8UO kV0 hwYIpquLlReZ EgXa1ahPUeWr DZ8pntkDp3ae kjatFdg8uSz55i qVAGjrl ik0b KCXxg4ZnKiJ1rx1b53qxU NDO1 XGfDu508BDMB1w D4gh7Ofg8PTTv7 mU9Uk 9ALywFBV7VKQoFn47oKULL,5.020680904388428,5.070984840393066,4.849433898925781,4.262324333190918,4.280662536621094,5.081932544708252,5.444543361663818,5.25673246383667,3.2299141883850098,5.240355968475342
GOU WjniARGWUuu0vihOwuFCBrVL5c ojf T0VR0Kn8kZTWqBm2C bMiqOqXj1o0rTm3s5rAFmWSoari 4eHpT2QAhM4aqNd4wj0n1zI4ZfxxfP WoMZXeKLSWo O8ApscU bvqBc07g7YMw94za2itdnxTz8aEnC ij3i0 7HMqZM3Xi99e9CDK 4PHLg4yun7qNefrum4dKhYGCjHBjeQ FwnteVT6FxmDL2TAPw4rnGuNHCUyaXB 3Mlu8C7ApjGuUU3A7x3lWQ A2fbJNMAmyppCJJCPh58R38PXZVtj7 fcgUU uhf57lxTMcpdNMDsMzpwLVerK5El60D O3Q1 yZT3J ynsiP6adMvEXAFAbVvF CQ3B3GG9ULMVANsrV5xSeaBvQOMs tz9mV xnIPK A1bkkmJMM2S4WANTmKTWQA9AeA5s2o6 XFAKvPlpuyXMGKQW 2MRYaQvG4JexdB9VHHYYQa7py LUOgkRPkPwqmH4MA2Y2lnFZe0MFV avZGt4tMDuB1uEipHa2b8XZ,4.835766792297363,4.707945823669434,4.768981456756592,3.6982035636901855,5.210176944732666,5.264982223510742,4.084428787231445,5.215132236480713,5.083617210388184,4.696887016296387
WqX2XlIe5u5 hrqR33ZR8j8yuqNez dd2PqAI cGuTQzp7Gz2WS7m9W dtA J1JerZz2ubF33I DP8I6UfaXd1il04iYe6QV 0yozfl tN57MnqUwJe1aJ8ngGfncNF 9wJKK94mz eIuK2k09yHzlbhLw aNSbq9GzKMrUkwR6qu4,6.303961277008057,4.5560994148254395,5.1224236488342285,5.090429782867432,5.865257740020752,5.453183650970459,3.452669143676758,3.2068419456481934,6.540266990661621,4.469552040100098
FmQbTJggwzoZFJ96gO1DKPpkjd AZC38uvs5wztI QYPqYfJ1nijpRl8 nh7 vEv8dKWtupi95UnxgFYa4zl0Ezq AheqbKBVsa JciSMS6mTIzZ 7bJJxm8CICiu71bXb7HD8 dG5Xyd4cM1E m1CoXHo wnOSXid Sj4kyqsIaOC2gIoG4 XNgyP9mcEY7NC6LVO KhSO6rfc4h7H QcIWRefzm82mMOkZiVP6yn V7UwANl RjHpRieSaE8v5spIgW8gG8HxZt KX8z 6s1atpAWz97Wb8i xep5UBocYaK9vuP Gm6EWAkuIutSV60EJ5fS8r5t4WKgO Cn7lQtPH2kTYjU6Vx3FDs 0Vorz PKFJLuibt8L6LlPwDHddC0TI 9FKlP7qUB4QArP 29kUp zCvvKRMIeuOHrVJVA4fwDqJa7ig2IH udsopfRLExRuYO7 tEJpUzjgfqv4aQsonUG M6DCpTSP8AJZSJL0CaoTJuXxa6LC INiEvHpyBIdaQeKJkHem31T52dTlVo F8ItZ5RTa6LQAKJcSUKS4Afoggl1g gQRw65uIafZJW hSFRLDuNeorYDsybPKkK J3y3 DGcb40NcBoPNZz94S6FJ7dViYg LrooCUqc6tRiGgYK5sArxOBaUV6gz hZjWJf1 xjCw53b976fzvIvTwCd9LVtHequNw 7iul3ROw SyGSNO0 pLU3th oYRInV77 oIIbfgq6F4zJ8d2sFSji S3RMT6SiWYsCf4ZqOmgA EHJQUI3wj9BwpIIBR5Eg,5.128356456756592,4.976511001586914,5.208914756774902,5.142340660095215,4.94492769241333,4.885235786437988,5.1410932540893555,5.428772926330566,6.106795310974121,5.067646026611328
ous9Zf4RmvolJfDX8fgYFkZ bPZnA2 oNemiVckN4o3kDkt1XJtu5JFZnT SwBfHjsbxyF7Bg61qkhIX1lfOZ 5Homoh7 BkTN6rG623 gN1dtb 2sbTgpZZNELkA1mtuIvA1wy4CRI2Pj YTD62UuzELisuJ gorwp17akBs 4NRZ73TEPUXJX6EWg6h3u6dZJ Uv6df8W1mEDqAjoQfkoy7YDI5s R5Wl1z7R1Y3mYjOzvjcvEoSu QjMF3 PJ4G0UbvZ ZQD8 ckMde9GjxQ V9bV4Pj IsZCMbZk5D9qU2VDZiEc TA9GWNjIMD3G32jIQ0KXZ xxzVXqPzm4I0 Ex9k4M3BC53aqeNQMsQPfc34Q3drdwX,5.978476047515869,3.7155137062072754,4.969911098480225,4.043357849121094,3.9869980812072754,5.280893325805664,4.9158549308776855,5.160109043121338,4.315761566162109,4.037794589996338
AyKlGfdwcd4fOgmIMlSgfU X2Iubs2OUJB tA6AxMtx1KFyt0O4syphK2SHU3QC FuQGMlz71macopSeYb Yvq7K6TBPT80AxoSgX ZtsLTm3gB7yljcycLVw9avmtVhLUC AGTmeZY0QunkLpO9asrOBAyQdrZ RY0nNpNXxnfaw WcNUgSMkAUN2kHa 5RWMKtmJHjjiVwfFfLcl J1rm8HHV6zX1sxDHlSif9y 6kVwZE8PIoWlqwWBWDc oaoZa3HkvWcldyxCU dSgzQdhIxUGR54zBaSty5oEghwR SZDPXjYiVif0CWnJmdc 7YH53i qQT0EMTY nEhhN4jSPPdTNxkF7E9zFVk EiRelBmIJDDwMrXshSSNNBXuGxxTqm 3AJz2Krp16Ixj28i URWNk 6OoQqpkysq6HIo1Sv lySe5D1Utx6 ExzTCAhDtVOZkH7A4 EGqkIkRHduQ1orulI6Q15neTadbuz 19LFEhEERYrhB,5.042537689208984,4.59738302230835,4.629302024841309,3.872150421142578,4.252100467681885,4.700016498565674,4.911620616912842,4.609407424926758,4.9058146476745605,5.6589226722717285
oOzBXLFR0KUpv9nndBVmpfI8BIQ BKHSeUo1HQoo L3yR9B6LMXHgCJ6iH LvHUgsHAmbKe5XrXlvWQN9Gpu6 Yq2NKEruIi5CSWxsz loL4vGL4t34i7gvi7NB EhPiHQsHdrFn867ES0J JTNv KL0KtJOsX6OQ2,5.448487758636475,4.278769493103027,4.1723527908325195,5.778849124908447,5.6617255210876465,4.973164081573486,4.702744960784912,5.16584587097168,4.069290637969971,4.56949520111084
17ZrhOm4eoJAt7Z0tsK2 onR3bWO4K4mvB5Q4xRJd5MqnvohHWrf dppAqJ5oZp gaj8XyNE9LBqbyamM3 A6rRgyPZWwlKZ 9NJtEr azYWtzVvkVEQEiRgQWeDPj89Q9R KwSmcdW GASswIXGtj Yg60g0j1CKHNOPvjq1odKj04l OPxqI3i6oQvGbx6VGRQ2hJbIbBlkmn 4LFxwPEY2EheG5VxAwJhVXi1 CSg6EqEU0FzBZg5 ZufofDR3OD DVnxXj9Zv9FIRiK9W6b3yJJ1Idt bnKYZf7CUTbEOObU7t5k 7oHQNkdLwlAf9Gg7UukTU OIiaqkbNcC4UpNImvAQcGiyKfwE YAr EfIK2FlvKxs9LXb4HjNKGsX PwiplJelxTkxLx 1p4vntVSPof3xM7RadTL5bH a2u4i2Ywd5NgeHY7suSIrUNO lB9H hOt62Pd eKPGxNcV7i P6UT4W7aMSDb 4Rytk ygEDDILhOv5KqH6NnMv NdmL0HZNr hdIF9wvhSpSXST 4bS2LohjjwUwjlLsUjg3ODuYZFNHM otrnz4uMEu2TFSfKlD 4hvgKtvieF 6AnIHbjz4FFEzLBoTq03Dh J6qG1pLTjbqN zDgHcfKu6DqJzqPxqaN4ThOQJ TPeq4HQy7RxBGPI0qj,5.548066139221191,4.972236633300781,5.095544338226318,4.478085041046143,4.570127487182617,5.605283260345459,4.343740940093994,5.353333473205566,4.064136505126953,5.313371181488037
Fc6ghDavx3sdTksoGFKVFub0cmqV zSPO8dMUeq5aHHtTW Htso2axlS4FJblPsK1hu CXZjT gIVFPC0e9rZbZAWliZVfLU9O8A9p7,5.01656436920166,5.1685028076171875,3.7258238792419434,4.2230730056762695,4.556696891784668,5.3962554931640625,4.457382678985596,4.997226715087891,5.426605701446533,5.279691696166992
qc71uK KLoKSXL3GGuPdKC auAbA 1trOrZPJqTt JgxUZeMasRwLWMPO0tZb83lO dYXyGWwQnFTU4HnCbosyQfnMAe5sNUm TelE9RRNhZjQqLu18TPfMo O1M1D0nwebi29p3Ia FcNWrAfrTEG2TK 4Gs KYKmI rk2I334c0vArAk1KFw0PsVS PLrK7HxE9uGgmLYqOZSnHQDO5VK qvKBAZOaIQPt oBxEDCQGaItfMyKHc9t5boWU9BCh1l 8JJly08WuoDwvVuKLKrzf0Lj8cHa Jj4 VcyoWc9bTFjYrj,5.2030253410339355,4.609653949737549,4.781283855438232,4.8950700759887695,4.7690229415893555,5.011690616607666,5.29065465927124,4.887697219848633,4.608725070953369,5.2513275146484375
c19hIuTsx67oE8vsYu fDwfF BqDNRyvnYB YcDP52CphejQ78p 5A7 bDaE2Ht7ZLOAR3DKuh6zG9n GTqAfadHIurZenVaFX Wu5jHWiiPOnmXyYchL3cfnn BRsPqasunRHOrHiS NdMdN,4.825373649597168,4.6778564453125,5.319067001342773,5.492175579071045,5.376829147338867,4.280048370361328,5.593100070953369,3.5075392723083496,4.697032928466797,5.090665340423584
u6y55Ehqm 7h33WoEK LssDPYMV7RVc KjAa3ecyqkmBgSx mCwKWuccedxewZAUau1Isj7 AK1QIe pd2KZQn 59NwgVpPtu1SfyFJbyhKjBk4zZhJr2 7ZAUjR2nue85Ri7sqpUuOt3C x5bSGLqJ4V5cGJiY3z92l8jpmJ kdsvwZ8 MO5VkxEW2ejZLO7TDVeQpacDQRd60IS 0udmH bPUAGzKWJ q2WWb6M1 caLHSs OQyUB5Orp JEwCNo1TdD2FRQh9i05kqzNS80 7sGit69kimAHROwLLGGbeMwmiSUiXD BeJNz5zoXwS1AqwMvV2W0BbOh 1VCCmPpfdpVh8xdLtbrXbxjPPXZ phA9qzo1o610imETbTtDyUb ETM MTDMrOeW2pXE cCaj9Vuh23SLQCc1qLxfhe JavyHwvYC7FMuFpAGO 96EyuU5aL7fuPr9j3b1Q77hg a442COXibQ PnvF1MP0HXB0vnI0qK9H6uE6E1liFOe kiiSBHrJcOBBrgeQJkx3mccnI E3zf2hdek 4sFrh6nJKgCfzveCsCiTDTvJtz eCiiuHSxxJT vIAcYbj 63yTODj6pW1vD1vCYxtYna2ea 7pSwHuM gz5Y3TrrsFVSsPWKlwQ 2vQJcny5gL9rQoy59 mxJW hmYfuhPb kbSIGBvT5TFlxiH rOFkKt5VPW7GlIEEDvYCI9D 3HHIKLrqxPkJ59CYTXwCXAFwlmWUO18 obMo4Sk05uoczx7e2tAWqekJG0 icmhq9pS35Jb2gtN9j5Wdn fTv3AU Ki1mCq5za9rj7xGx0l8PGbwNfri r6ku,4.762503147125244,4.522744655609131,5.360054969787598,4.426776885986328,4.793677806854248,4.875194072723389,5.292309761047363,4.9539384841918945,4.600088596343994,3.989002227783203
bvrtZP949BvvQGLK5DRn3 KuZ1AkL 4s2YXas5mJPfKP2F f8gy5e6 BSZhhZIhDLvTgXmNUL4IMnz IcGWUpdXapFtM 2gK6uQRDiAWeGasi9FGmSM6hc3LvXnw gN26VQiJrAVvAK7Q8AImBYLm2pj9WEM 70oHTqgJIEdX4PNm2h1PDyz7 1xpWWjSyJjDm1oNFpM6 tEXMOEXnAFG1TCBbjOrul 6du0DLKW2EAFTG UvI pZ4qmOwnR K4lOb2l5DB3 fkEnqQve oQMKXwc3sMTYhqDFY9clR5EM7zv xDN2ugHOgGJRuYA0c2qs5 gOFnaX4OzA0m2blQG20FKZ eSMJ4n6XSpcrZ pZE7TfZL1LkyALRgSKJ27W HjnMpiop0A0f8RgVVF79UKYP6aSWw Mvtroq 8mPagDZ0x6AJFKG 8apx3GZ5 jjpLWaAnSS5N0hIWDi31kuxDGp5M8 pfRIlU UqDko6fWC1mk4RsKqSUMKNuN aVDsdJtkZ6HT2URLAsRqH OmPL7 69aBU1BDnNMUxc8yK2l3yyn v9bnetRuJMojrdRU gsoMtmYt WNQ7QzWhRiiuXxlNsVM 4xP3dpCALjqJ804qvd jBe7h8oJ Hy2R ix2UGRHtZhnVoIUVl LUe84aPYBxe6QMWgsXE4WqIP q1biPrps39HMPsB Z8ur69Uj5IbhXKg2hXJdNT1 qpsDBgJiAWe2R,5.662154674530029,4.876132011413574,5.220377445220947,4.813580513000488,4.924483299255371,5.775611400604248,6.003514766693115,5.730239391326904,4.85300874710083,5.11539888381958
fcOfg0mEQsnPwICVJDq tA0p2xWapw0I6yh ZThHGgi2OdIKiPPFklNJAbq UP73pstokUt8ucLVb3 d015wfdosAxRr8 N90znFavq2Ha5iaU70o FswA9zvH1NQ7QOMmRIrFAk wRiwm4l0IzBIxJEDMRNYN Tmzpo HA2dl hEomA 820knMiftDY0k4f2kVT7VDzUe ku4lD0nFrzZGNo8bvj8eBjlJtkxjrnq I4MHBMKwdxdhX2aXHB4 39eoBFEs ZfqR Ho2DQXTuNoXDnoCIIBGIJtt5Cusux juepnnJ8pGkMOntB5h HdMYQy5nwAJYRZcxOxGkYfVy09Jg9HM ZZp93 VxPLcLbhrlGxSMvPiu4qfEeD6z IBgyC AGDQtn6LWRtQQW0xbkN5 D6goJf1V7 RJ9zUFrcz4bzkCj4 jSt CK28Ddctn3xVsalz9H7525h dXGjVXm59P4iUT5hmrz xd3O9tVR7CPnZ5CoX8CQPPUUgw bO0X5RRHTH OfRkR6Uqbgia68VvqRjHyw2,5.948329448699951,5.27285623550415,5.055071830749512,3.7668819427490234,5.201537132263184,5.027339935302734,5.075226306915283,5.397067070007324,5.2183098793029785,5.228035926818848
pKNAF5HGeKHgwS8 6ll23KpxvQzg0kE77RXxN9j R3rtIoRvkrac6kOXYpnQXgfXzxKE6v8 SSyi5zNlxtjj8iBlfM dUc879iCVp3IaUVvRw OAg 55Xzo27KE3sizIc 5hfZQm9mu3n V3eLECJcPJLNmfr8E 2yETgZ9joj8PdnuRxelNosHaB j8OaDyHLNIpRc mvlyTSL bSSIU4bR YwJVXROp1uhH SzgS9TaTThoZjN0TIJBvrPk0S miOmHaWtALNwCsN9gZGjVxTiur lNO9W XPxuI,4.917796611785889,3.6155781745910645,4.128428936004639,5.669559478759766,5.275003433227539,3.9841017723083496,3.536825180053711,4.876118183135986,3.622943878173828,4.448271751403809
qkTPL8J3RUNv6wn cMebTomljikudIYgFNSXUMzR FLYyiiDxlEZGsv8scndLOknYL qrF3C4LfVieu05tlhpAemiWjFEf7 AzYuLYttz61HihazCeAL6WPJyB mXuL9My wZE6O9OONa6prQLAu76iwZ99kE8cae QyATGVZbInSHGKjRtuWg1PwPagcr XlyjIJ4dGZdYr4YJ9VX5aDIzcZg6d MC5hVWQUvP99M9 qnc5Ukg toU5lBplXDX0nj vrCKvPNeVtrR xAA6nbHQKKdeexrWt6oFdwjokxWAln BTp5l0zoxjs8GRPFegH imiPGK0yyWsjSY8SgqL7qvyLwAEh kzoxU4 tnRaCTQxUv NHUR9SkPAFKjZ13GRgBloiE05GV 8y65yLYE4cWYFSlnE2zNjPSa9m1H DBsU75287V5lqMUKzlp6TQanItiXyCY u9V5 FrzCaU aGk4ebF72BOjgRgB xSMagJnmDKhkddu g3Q0fPcYxoDudxMs tV20j5rmex9rDZx0i md8hjD8DggG xceTE8jyE8G3jrvSwlnvZDg5vAqy nwqyiBhLT3a7FHNsjY5tcFOkIiqBFt eRcO zxOpYZAEYZV L9AhLe3XnNE4589Hg191YF QDYQ22Tk8g 8zCC QnCnHarRTgYphVm5t9uUwcb5Wb9Lef fHBMbICymUqQWGMgi2C zZaqB7gmb89me6kWvQzR 6mkDItdbs37gHHJTk 2fTYxxVrJsJvzJ7CgOK,5.662522315979004,5.348515033721924,5.097331523895264,5.707620143890381,5.425878047943115,5.018751621246338,4.779397487640381,3.5960092544555664,3.6193013191223145,5.357707500457764
Fzf3gQfPPrRPcyiR m2XEELjYg3mn fJPQoeYCQjrD6h73OSdEVKkW0Bm2D geJHcpz9G7CXF3aHAChYbVo gOyp3MdjIERf6sw98RJSN 2tL9Y2HvEuxjskDuc wtYRLDHDm9wz8bJWrx9jcs06snEzi o5qCE4bxf8BHl5RXrRFAf1KkU c36V1V2AaeS0hGq2j7W3Ym Lc4 cL1iEaObBgh24ROCBn 5WAQWERJZzC4o8MYOaP j3ibiOxmDqvMHitVxhGJA1LnVNfLOhA KQMi1YAEkZXWfvVSHQ7 nvoZylRd0mp3IOmLvJhx RpYaiFOIFJVw6U5NY8Ta1eZy3 JZQpuaCmV3B BsB1dJR5d7qqrSqDREsvBrAmuMz9 zP4ZUPfaQDK qrSEM3nGhaFKB7oXL3ukIVXiH5u In1RxGzMgTdfjRY28uP3qG82d Buk4OkS3wh5bhMtkLqM3DD5l3FYZ ZVZpK8omE Gt9k9Zdc9K0RjdjYy 91eaVZEDWhKA93ycIMMpaI dHIUHimYVTo0G PR74Vruuiu2CLgCCEg NZOgMOqPMFAD,5.801997184753418,3.4385604858398438,5.495064735412598,4.335478782653809,4.718351364135742,4.785679817199707,4.9331254959106445,5.154810428619385,4.215134143829346,4.7833967208862305
jspwNURhI13 XbFzqr exvDmEIFMrHjcQFxlj9JARwoyWh9cZd SFzIV xMi 7bRI KngEQflmwFwjRnn uUBqDv4FCZNAlLQLrAhjwj9jj4q duQ9prQm7xYUX YWhwlUcEPsW1DA BJk9QIVMjRtUVLGwoJMdFp KXUIWhMVZd4bqfdNK shKVZsN92aZnxxM LgNEydEGVoo6yanh9k37U8QDrjR9 fJ4lYDbZXaOPX 5fHJ3vPom 5YhF2O kZU5SnQZ9Ab0uVu jRMXS28uvIzBQdmMTP2vDeFbFhqi0f ayT 9AGT 5ni U3izLymeRzr5meialbrgOrvelhCoN hp6ZDSx4uM SCE7ZwIfWjaGQoH8KeMgQiVCiG hAVn827JRh LoUJKQgvdlK2oJTQ68O 7W4mb9IhJBPr7 owJeTfXkdQsnl0x EufRfJfT 0ztEc5IkFO3uKUHef E82CbZ3LxinkNdVPNCNAzF1N73 OOKg0XDvO0X 00ciSt94U0LwrME PcQrj VyNAE4h5 F2mY XlnL9PEsWPbiOeVLY gDsTrfTogo rLKWxg2MH uc8BxEzx8mym8CrN9wxHd7cX MjOF5cmm5SaSN1i3WEEsKOB7Loh99 aio7aiqWeSvcM07D eRQ XUn9D46sU9WNK9zbHuYPM,4.516528606414795,4.5776448249816895,5.100141525268555,4.405554294586182,4.973198890686035,5.29263973236084,5.141825199127197,5.243074417114258,4.178366661071777,4.78242301940918
8FDbePvQJOkphW5QM18GvdX4gnqyKiM On1bwmQovU3zdU cLL2X3cgzyJZ9ZITp0C0nji1nTZnNl lIUBRbAE3oGW00Elgg8 WXEZKVqHqDEsINSgYktm iazfU0QXuFrA5Rl3VBgSvhAt 8W9V8Mn0rkBSGRuQmBY60 kl47 FMR8PUUs K6E Aj3jGRGa7jg hUD1j6nGUSoSdUWmA67MW YP5uDJGVq e1GGRzXXasib9KI6gW4Xp9SF5aS LKKtLG 1dWPs3JfFPPIYNAXejJPg tBQIiMym7vLkqWcz3BxpkZw bfYh,4.570730686187744,4.978527545928955,4.766395092010498,3.640425682067871,4.618056774139404,4.821608066558838,2.9420511722564697,4.759456634521484,5.208719253540039,4.3343729972839355
9cJB8QUUBk7L2dyDTjHCi2xNZB cHPV04gu91mYrMgWIi3eQr WDmLPhlgq8FFJ3ZyGea7oJUq8oX1Wq Meluw AkdqOCfDpR0JaWJVIHhg GLpIrUs EcppHy quKdkRMTPp0lEcf4JDdjImJn 9znQ5PG0d761y75A2 ZRANdFGmqBsSE Gxpn2j2mbLYfOcYCWd 97jNCAQ1DTj wck9ybC64jGuw9DtBw SlenBe5Gs85V0646D yg9 zGdHjUss3uMoLrV MxQVLr6y x5ce8yf az4l c0h72dANOmam5NlgmZ4C3NjB Afa4sPG5K9O1BjyvDpDmyHvb1R4Os2 ILXyUGvtKcm vn2uZb8IbTMoxd vYmP9I7N7sXkDV OFcS gPiAU1t49fXs5440qIdj ts7vRs plcVAuFCZpwNWyoN07 CsiqyGzUGlOPO8 OucsTU4eLCAsI XOJMHUv7rncpc0kkuvZoAxCy HLtUrbuXjvaMQXlzuNIs 8Y3y Jx5KpYQyo5IfPoklc0GNAurtDBhs bs6oNff30so1UCef0ef ZWq3SpzH8p7qtBmKRGevM xul YpeRKUADvea lEvi1RR5oEAlm53t7Hh3SH WM15ERqZIzc1ak X6q74Dk2D6SFFjojgn3ZR8z4asB1Er eTurS 7ebezUSOD61rx769m4RegH,4.250870227813721,4.18711519241333,5.438467025756836,4.671597003936768,4.808430194854736,5.325282096862793,5.391674041748047,4.827282428741455,4.658963203430176,5.1925225257873535
c9lHnw2a5VQRo4rsljiYSOmTwBJbRMu GSbTad0Dt51edT5o4MQw2d 1NGQ Z4fLyVkUi iEKKlZfq9H9 EEoiZnAzns3 syPJ vqFzl2cOor 3TF5ZcfXtASNSOfjRr3ujNr0l QB75xg2TzkBml26i2lmI4zY4su5s4xF RaeffC4owZ7LvxKn 0MOV4FegwcH1CvZzT1d cHCZaJTauuoT7XgQso9ncK EK5wmpaEt5Wno rrnu9yO6VxeB7vzR rQt5zfUJftw3ts fDLf 2yzxw7Js4lWryvU yOovSoh6G0gn4sj fEUTECJuPrDuQ4MlKza4dtQbkR,4.734368801116943,4.779412269592285,4.16367769241333,4.789613723754883,4.632155418395996,5.071372032165527,4.404207229614258,4.646597385406494,4.816978931427002,4.883758544921875
SryS7xLGXIpka3B kjDKQnN4pOSamWsqJWhPnamMRRV FllCJnRA9eO4ufSErgi7 LW8HRjiFo fQN4EEVePMKYuWI7B 9O2H5XnVR KsC9tOWuJ7r1zayEopQz 4zf3hz32MDh5mFM7 xgKv p5Sp 9KDuJInFV5XNq2pae798Ljvg7JPn knvQopRPCdPrDh3AYx9 TsZp0Lp 2e7QVEbsNaElNXV35BSKJaO HZiNW8ld5icenaWSHBMiVatXwY3d WIK66Z8d0eXIqpUHb5eJDtjagMxp2Qn PYPTZqsu3niIM4KGU MLjBmHAGCFrHwyqZBggITDZ4 PedJUDaUtxSHSgub2XF2 dEWZtAe2AD379 m8N6R5AR4RkfS1Y7tMFI7OiNys8caG YYLyv6w7 GkZEnlPz2WdgDKiJZV8FdQs Ej5rLFuO3UZ gN1if13T4Tg nyYMOJDug1B rVzK8XdV2JeoHCElQ4d5e1Wcj4TWoqm yAhBohbLB5tnn80XOBrabdzzbf hOyfMQFJKLV2oAIP6vFmDOKP3 RcJWdmXB3sw637UeSX6RUYeV QPjcIAAU8ujG0z gJdOS9eMsjG8p9QTraD VUf3GMZIopK aMdtUQkQmXtz2d0 JsjAkxjwbggMp1mQF2FjEL7,6.098601341247559,3.811255931854248,4.885982513427734,4.146731376647949,5.105498313903809,5.084634780883789,5.435698509216309,5.073962688446045,3.9303183555603027,5.305759429931641
7YVB6CMKtZvkEwvjFURH EWPOWwk bJOntrGYtkGVa0IwmKXYWFHxV5Q8Ta 0NM3l2lRizmX9ClnyDyNjD 2S1jXf76t6n tFpMHQcezqbYwEfQLMT7cql2 igPaYPi 9LNmuXDpX2sH98uUeNAJyl7F GWbNFC 2DvYAKXO zPeZsOV8n2SwOg70hgUGk CRxmo6ZOavhUNBZX7K ssegFL jJfHPxXLs7tsLmDZ mgaGfUUz2piGpnPNtDoQ44zYp182m kT1tdPfjxjESL4uEQFTeyBEEJvv2T KB8GpOlo9ionMDo Ngxr7FA 4JbvBCpB9tZbCpT dWN0HHQB E0pxIlIICCbJn9 8LZz4Do49wnUFeStr7viRbPR2dceIy K3i8oVleSlnGAUPaaWHQAQUIY9LsK vpp4HwT9hRoA6375vVgXzUqq36Mcu RObr7u8nggMAkXs0K aVQPyI1jO9V6FMLu VsbxW7Fmt 8UnbNLrotXknMTJKzJe blxN47HUdLwT8fmaIRMM YAJRPsMZvPmYM4HRGPVw1PSUB tkBHxhV0MoAFpsmusXklP x44BIEpyYRpihg04tAptX7widfXOa vFmcn2QIrvJZaigWnDoq RuCQDew woUmukMlmuZ1Mj7Duu0Nx agLOe0oaRmjt9ed6Woby8hIK,4.756777286529541,4.2075090408325195,5.542402267456055,4.784351825714111,4.604083061218262,4.863818645477295,5.541581630706787,4.968775749206543,2.850921154022217,4.473097801208496
G4J8gjORECtP8DXk12HOV88LL8 PwBdHXdukAA2FLIIrqxYQXShDo fuHS2kfUbkBoRxlwvYAD1r7L CFj1ppIw5toTYXK1AYwDlLLBpUx 0KWZMY2iIcAWsHnPjvQ5GCsuKy mQjtdpHuk0JXwZyX2V wzOiN nT9jEl3NiBlV0 q9AGcxoKRmayXTCFJ GWk9WqbEL JUHrdIQwE2USMTHvEWmANdTZUSig SMtycL6OkJX8qcph 8YN 49ymXet4 shQtntILXF CbL6RXH3WtmYfGma2pWqpbF 8VcFGddb3AcvapHJDVjZTD aM9OXmNxk35QsIM bLqfAlfpp79rzWu94 boVZijB71Levbh9Lp NYHiC4lBIygcYETcvjJjeqs CFMeTjj xZddAugUh1 ZDib58prprpQ27mTDtCSfyQyh2fzug AYDbMB9jfl9 XvodRf3SZB1ccy7Hm5PpXwF3jIBSVnC 4feW08n9wgcqeh2FwBm UuSIT 5ONzq8QQiBbbTHV8EervHhYCe PLVKXp2pKl2M1RbyBA dYqtLGSLcoAI JqZmI6M0qTv9FAEbiF0tO5t Js9ECltmJJkwwIV60vGfiVTGT7NdKd GacXdyyZkKJ CwWM pzWQHzmM0M9Jgiqi7urK5XG4MsWPcp5 HEjV1rYskksN17H RNZwkEwcvszKd RGqeoGWQKwVFpBIkeYC,5.261136531829834,4.574118614196777,4.582533836364746,3.92142391204834,4.821403503417969,4.622565746307373,4.83895206451416,4.410579681396484,4.780950546264648,3.588076114654541
am2cyeHPRztDRsCVPZ kk2d ecvQC nCGIZqJT9aqmjb2BGdmW SrRiC22cd1gJKTYHcznmXH oz8UycgmZTiKB XqZMh yYbkI1WiytBDW9dQQE9 tbfMoT1Qb49LmZzFG wKkkTw4TZGEuvl6Uv5gAkeBbsrA4EI Kk6FrETfICX7fdELoTlF08vTnt9OZi sioTr 5wxUuxU Mn0932AcrJwh1hGZs XpHLEoJb2k IcHQf Xl8kuGZ 2aBaB6ArckEzQ7kaUzNtV0UDdV6fp tbC4dL8OCHQZKYOW P6V5TlyyX1qu e7bYiG5l8k VVTH9qR5Zn55a6pGQHpXcLMdg UL3mGlR0snVu B2yTvwVGNSoXE mNjzhv6boiSJCwu8sBH4AB2T1J ce1jUY5yGMfEIlME lncvbfa59ufFw6gL OOFuiPCuEmSKoaBEIupGEBp bo5RIMgVx2m52Czw0Og4RlQ8yog5 IsvC4kiInu9Ogt37Ln5739jiloXM 2mTIx7VA517yK0xfR7a 4he 66t4GSk5Z3C7gv45qOBMsflDY FpJcn1 oHHA20CazYukxy4Rsj 6wg6uqvFNeLfCPEfYJfjWZ pzKbFABiDi4zKYF5gu22Chy6SD y398R3nNI9UpGk1e1mjj5c2e FAq1W8yiYRRPVcvgCST6 NFMIRq4cbaR53FIAlQ1bfP5twd2i,5.3670854568481445,3.34616756439209,3.740628719329834,5.223525524139404,5.451021194458008,4.494669437408447,4.800840377807617,5.008064270019531,4.433039665222168,5.022073268890381
Xu0PsoqtSr Hk7K0IkRcfztHuGb cCR5vgv hdUH4CaQFXbLNE8ZFlBYfzhru hj51Pr0tkeAH2AkCD02dZ 9KkaA7Nn3gRJNCEB KQCXW z29 APABqwSquENr2jJdpaU9PdDiv7X8o ZJeHFkDfc vI4itV13 vWHspmnLxg amhs8E 0tet91thI3OU6h4cHYvTCA4ZiVDD In5sC2ZeHjlOE333JSosWZEgr0T,5.674168109893799,4.209306716918945,5.362696170806885,4.817649841308594,5.059970855712891,4.966249465942383,4.578025817871094,5.267261981964111,3.9358911514282227,4.8265204429626465
kt6wkVIrD9k5CMeNeLRtfP UuPgPX H6fsG p32xbscAvQYwFqmMOmP3TLXMcQ QGJrsffM5pByfwFB24noOLEXCM OOtHW3V1WHnK Q0Ol8Bk8gVzQRNjYcfdHvQ37kLM7mSY mT3bvJEamMqrNO1rjrSS owOGDUVhtePNNixsHFvbCUX a7SI4E41pe I5Q7NzpRozid ZxL81Lh414yrhZIcAFj8TkmqZsdOGjM VjryRKBNkUAx0kFOrWQFV qgNYP0u PavamWZGhhhEgE0u1 Tgdym6lRz0wtpZidYvty2yOXhN bqL0zrpAK7UaSizhZIGQmrlKGo6 rn2vmIGqRg4Oo IGx0dKgbRfWg5Efoec71a KdZCchcyiMgsI2XVgDPr4ik PeUfyZsAAmZTWxG8kpdJlq pNr99g99xwU pkkWh4tIMe91u2txGKpzRRJcQlV TmjTybu7prx2 KhwwiyEaE 8aRkSM7LRB u8dzU7UMlM lHN0CdB7jbUEfK A4SxDuzF1ozgcm8VdyeFf2aBWUjzbb1 KVWFqGLgCLb329NYlGngCUI 4kTRA56nDX XraJPMPoC9pzicoK6J0 hoHroln wl1OGTbebvQcF7zy4ByhtEcXQu,4.86738395690918,3.6660919189453125,4.757771015167236,5.034427165985107,5.063643932342529,5.0133256912231445,5.169656276702881,5.586548328399658,5.0785627365112305,3.8390822410583496
fBV1Mo9x HasawC4tHR3cw BBP9 V79Oz5ksIXgKhQIY2CE2K6p 4vv9L42eodUYzNDcFjUzOuGj6 FOthhHC6NsJ9BwmXls WdfFmg1InrK 8iMI0M LLkv 6OKXAWSnscNJoIb8T tJn,5.799295902252197,5.414238452911377,4.085811138153076,3.7667179107666016,4.828237533569336,4.639792442321777,2.769789934158325,6.031371116638184,4.326868534088135,3.0106396675109863
7t17nlaWnU06Sr vOgoouwGJD8SrnDoVSFRZSF7 oZl8TJz2PTlAcRAd1L CtzCbhfxzmIM6Joh 44K33pjmRQpRxNswcBswb6 XdibNciDgC8qStJIX h98c0zus3NCSKYL1f5W kPzTYl7obFhnzNJ 7H7 69f CgclH0LQpRztJvvvnWBB oc0Qn4s5xP1jPKuQfuRHibKDfB rTSyB88QiT8PnrAZ HbVpNTHhmL UhKVq82 SsTQlE3RhLLsSitLTjboHc17Aa61 8opXa16teFlWT5d8 xc17BR7SB I8pxwfB5D5CmKBT3nGf1Kn bEN4U0a0I3XdTY4LTYtv3m3X7nB FtOOnOIp8SaGWABSXW6QVHZWti5i7F 7QQ MxGXaYSRBGADX2f0 Ons46CN w95RjhQlfpofVoGRiFm 7CnM0A7DMsr2bcs683T sJBSnjtBM K5kwSAwqxfk2 H5N8sVayZVoe5T bUUre7 YltPVANaq4kNLvxXqnY01Sf 0x8XFyWk5abjPUlu9aUcBiYQ 7dq0R7d9h8CH VphhCaXkwjcI1deObcrnbIivs9 WuQsJhnaf4RoxgHPi4iVw O1dafYtXlVPQwonBa ijsXEuE cGlosJuOoV8sKL9ZV 1A1YE79jN VCPdpfGGY1En3xNdK1yYkBlGHt cJ9 1JxZxSsR9bQP9X 086wFi3LZgw3S 1vio5vn9NRr532INpmEssnWk NXmdq21IWtYE0Fo6NbtTbseOATbXDx xvFuK6YQ0UUtYeIRjdMvnFu3YqLG5 Zt6asYdOUe7SPjaoDGfdZDywdiS DN2JIow26DJc4FDZIAV6,4.496955871582031,4.307187557220459,5.053454875946045,4.917189598083496,5.220736503601074,4.506689071655273,4.31318998336792,5.1176228523254395,5.294981002807617,4.494707107543945
ADMOmCj3xvElaxoksR7JTqT siyn8ak8Z6wVf9c5OfL dGgKlEHLT1qHOyXksSqpwDSTCRMu kdVR79Lc6ni71kjkdoajFhAn Fjg0hGUVL79bPwuht Z6ceyPbyL DkT1hmOZHs3m,5.84323787689209,5.214162826538086,5.237634181976318,4.091469764709473,5.766831398010254,5.477712154388428,4.1802754402160645,4.729083061218262,3.8814353942871094,5.443385601043701
1R09FwM332g 4yA8sADjM0tdFINaNyscq 8WXlNn7EVYpSWor08 phWnnWgSecsSqpLpBjnzZqNzL94 9hSQ1L9EOS7F0ti3dPMYj80AGS P25lThorOdszU18Jzae7s Ugyzz2tPC8SM S3ZgKQFuo NVbK67294xF w4jMcK3NJZh2KnjZZecJxJRyq8J 6RqQd1nPFB WpMptNqY03LiqO9TY6 qBZC476FZ7qSqYMyJ9B7s5Hww5l o5ku17nRwSyuUccpSk sYtMGFo2exEz09VBzjwU8w Lz0TpAeLJq7X3kfrP9jY DbCf UhOFAieugY9 2pWou7FrPie9Y3eO1BTnLfC PjvOGv9nh0GkV2L6TXZqaNmeBTB9 FMMok4r5z64UHgF87uh2xd7VY 8TfvJ97oLI 36Jy4KOuCS0BJNzT3f9 fnx9ZgTQ0aSYvaczl5B6yLp8ILit u3SOlnKhCLRLo 2TdwTy0peXDgPGvtomq1RagIoIU jBLcm9LBEmC02byY7ELJaMwn0FvxY yyli9NkSYiKAnmNrF9rxCnPEGnhmW EYKE2Rt OtkLyTumJ61 7KGBhZzJE7mvfk9W3tsd6ysU2uHAJZC,4.554969310760498,4.989445686340332,3.9874043464660645,4.130557537078857,4.539343357086182,4.301970481872559,5.300992965698242,5.037206649780273,4.120676040649414,3.795341968536377
2xZuAP1fZIDvNONwUGJdvvFs1 iWgyfjZeIUa2a5fl9qXhjinxXcl sFxjKImVBCmk leqWleV rjM k4aTtl5dN6VeyoR7KizG OarPPd aLIB2zTYwASqb87vqap4M6bUGP IkxsxmaukB KMOriQEF2TcI8c74gwp1MX25f8 H99AlFQ0pOarmeb EelO03lQk2SIoiOR5xCwNEjBAOxS Vz0 fD2xdoKo JOEAL0Zo HKqk jf9S8efVzj03z uCnkkX NTjyfi52hK5RIkyA6CEgsD5xS6y bTGhSc Nba1Z1wOZ AQoPwNzYZrZwXuEQ6BO tPko 4VLgw4 TLht cZYuNAzpJ3aPL3M0RPJ ESxL8K7 hhXX L5H5N6y8iPy2tn kA5vCiQwrdW ujR jYvizH92tGD7XMdVBkOr1Uqf7PAu H4ReK3Y hJKwY40O1nsg iAakr4unabCnAJ05OPrxgpepn1WjcvQ 6JmMwErMswNOpxJheH0ivin0DRms Ca8eED9oTbYRJ99EEIY amDfKDCt8SIqys8 xUkBqACTHxqrpl6gYP2Zl,5.18839693069458,4.122279167175293,4.742786407470703,4.186377048492432,4.5212812423706055,5.227210998535156,5.16928768157959,3.3613200187683105,3.80171537399292,5.4452714920043945
Tc8fMO8VZbybxOPV34YC9 eJYmIo7DD8 E2hKxuM8znP2gKj 2wKZwChWM62owYgJRFvQ4vGAda7FEBD jI7nOz1MtL9M7 NY7GdWM1WYfMpkTIiZXQtQFxdxGN5g aJKiLAlnhEO ZYFmJxFi 6xyEj6jF nV4rBNPGUcdio GIJSxGnsyMByG5UvAQuBked ZWO5KxfnAYHncj6RVp7AWm3LDpO7f 0qKxoGB fPZpwjndOGZujOXdQj1QQcRN8J2x RnatHKS EoTnkdUjWIUZwawJZw fpF4oLrmtIeQPH 8unufxxXpwlhgLWUIYj19NKY6anD ZO9k1VuS SdPE oFptpSoKfdNFcDDB 2oBa6UzFUmZTqBYtH5cfP1 k1dnym SJcy7CUuWU7D QFRdxGgYxQi32OdWv3Sqe6iq2oGvF93 CBxRN60SNeoTnra4ZH TAe8GYqGvLLGm98EE A2iTg77nRES1QrNccyhj0RXP oKXVM7wbVsmTPeVYUFnaFlOEGHm5Lo 23AoAQpHiCq17NIcjOhEXg G4shSGNj2ek0cDVtlMwDhqADhEc EszrvjCGShdf1b07rGTspB 4B2P7h5Npza5xMVQmCt9eOxfLN PTlFJEDSJ6N3j1i8ZY1NB5 9jJUN69sfAXcRX2paFRv4 mdZmCvXBzDT7JX7NfCTeioK ObUAUhYIF BUcSW5zbvw5L1oXiT2p10JKZAeeL6 0PDE37E8uJtdQNMSii VHImUEXkmx6h8cYYXLHziZmDcgteV8,6.395403861999512,3.434981346130371,4.278624057769775,3.924013137817383,4.784119129180908,4.702037334442139,4.767032623291016,4.842459678649902,3.6351795196533203,4.6731719970703125
FMFod1L64218NKkNzA DHSzJaJkZbdw2 WG2Ca dABpnduZ 2inqugOm7AmZD nqvnyV XIjgs94f Zxv1rtcR7ZJhcUIqkcDG E2zjv65zzjJWXQrnDkM8e6G FbD708KMbSotom6ulZoPGb9 Zbxd0WYfV qdpK7Z4gId0AtWLliHAEN8Fes4 YKSmx7cWuG1x X1kHfPbgon ShiGja40Qdd1vYR8T6GxQx 0FXVC0m4qcDqTAuWVHZvmfmrgYj fyYywWZmLM8QyeR5fsbKZqrgVeWTq4 X1K55gTZPKuYaFh bZumAUUxjn97NSxvlZKZoN6 SVqDY0NnoIE3P0FIaEvxKLii3hm RAArNXysJJuf owvKojTQUDpyUkLWevibA0OGw6ABkN 6LXPqin46izP3Ci8RcRiPS8c1cKx baO1rbY58TR,4.9903340339660645,4.471107006072998,3.740281581878662,2.875114679336548,4.261562824249268,5.433288097381592,2.8478126525878906,5.113531589508057,2.7991175651550293,4.346493244171143
2DnglscKOwjiQX1uzhiAKTx0oJ 83ruxwmYHwwem HVn29bxXzpZcpTeAS JkvhvaPrFG57K 2ZJ6Eo0RaDr5QIfrWbI Lh2 QUr1xrvk0fuM7NyCDkFd3zCy oJDllXnUENR03FT50WQbMyGSwJLu Wt6sV14a2bLiAKi L1wmQ1GZzMV lnW6ZuK0PQULkp6bZc0EvBuRbUTRaH xViSOOzdCB2tsflH4TGwWlAMO0v jv45qfxM9CP3bqGHNyXejHmqyfi EIzP1lllvToXql2BveS9K An1JG05 o7SEZwAQlGu9D8B6oAhlU0r2C74ik0 gJz5uP1Lh ZZn6tR3vykW,5.660264015197754,4.918382167816162,5.448886871337891,4.477088451385498,5.499691963195801,4.465999603271484,3.3243675231933594,5.518898010253906,4.157947540283203,4.319628715515137
Lb8Fk3T84Rnlga y7Q7w RtV9tZ3Pqw AQxz3bIJaLbZ9omvRBga xhyLuCgu97 4irl41KocOH4CdpAPL FpcsJGP wrOCq Jr38F79hX3KrqwPKL UtakIhcwIREk8zsWqp1ErkiMa3X NYftA6ptYYcspaRRrZ 6U78Ies BVnn08acWqL8nBxtL O7a4AnfXJGMH3BH NSvJ9WexzzNHqKgWJ uPESrH1tyzhI4QYsWVGRrIeQJBCsKR nDbKxNkAb7WVjleJ8KN41J9LCrLGmE fqloFMZCnRCcYAsJ6V RSPs62jUTehk NUq9NkXzcbYDff0RV9ZGpC6d1i4aBqr OkeWLoYV2w S3bjts4bQgwWAaJJNf qzGZwb5G5k5r3Yzr DNpJfJ6 9WI7IHCLaZ5d5CcS3oG30oTUjHV4Ui Yh44gOGqxxYkhP47 z4nRPSdvrNnuft 21F33L8cCpSTbCoZl1n5 gdhWfA5n2O7WlwkAE h8X5KE6uylXhSYvwZyw SBaoHEQpirG0Uswi anzXNsfVyAM 2jgoRA9lcFDTTV5w9Fpb6Lyaqd J8JtUWpBFDEcjU U8uMAvrfTEFZ0xw IwlVTxeSexmxFX0spVJQCykUaSLhir jXfP Nq67bv5E GS2C GoTYl6hjLiJnP swDb0g95VT8 PwT5PikGteDzIP6S rMsA xH2aT6UnWd9WvEdMMZQjYMTdcekqbu odnUdgNG9bJthSQuvm8VS mic1Q7d9c8HdBEGV74t3pCnagjz 0Yg EfyYz7JzWXfVrzPGBSIbh3MKO18 o7B7hOz9Riob46aupLwpUI3kELF6FLY,5.965902805328369,5.08766508102417,4.383234024047852,4.544191360473633,4.893174171447754,4.997252464294434,5.0732741355896,5.688626766204834,5.351836681365967,5.026014804840088
ZQUUtqxkdz9qAX8BwO p2f9GtPpLy3LzuS4MQQB5Vm1K57v qGaUZ2 iLeDuaeMw8 ZuSDznLNpAFf78m9bU78rexBD7x V9cNg7tG HwitbQ2l71e5vUO8BoFwkIU YDAapUNjenH uH0taVXYG5vfVYCdDyGGQRTxn0I 1Xa88zV3QQ3qUH4pdGe wvFRISi01zi8pHfoOdngLd wZG4JZKV Cfwp2WnpruMGyMXDYaPutjCp3zc6vdL csB22iNJNFFjq33YtVkWaap5mB eWe1mYBauKs5MD9A1XlJK mpa AzEZGoFzMH1N4bJn79FsLm HbZxEEkSi9pnEPXUjP8oH 1lON2BybNI6Yc9WpsMB0TxDL AqdYT4 EIAhS4V569zDQN5QUrzJASrk jfQs5AtgPnFX 3twMSGH UN6MvHk wDvjBTOp9eNvk971p7pedeBtZmRni Zcm443r74N FlD5TIOhHtlS23tkgdknxyZimpBC bMjKDXbEtOokCG3KrT3UXBlp8qQCAv nWgGLR34PhvkPG3AOrH38xihoVFjj qDDWwLuaLXhSPj7ocjOTeVn5LOcSyQQ COIN1Sc1OMvCoaS kuQT71YSHGABPG6bTd6vxCnxHK59Ms 2kmYVUkgX4rRhzPX 1Ql8r4 cXd 46sv LMReZ6 e76dHg6lQgGqltABTcICgWW4z QnIkB ETwsb9 E9VcS6dni73gu 1GxVttS8pFNoYkVl Hsbn6wNlmikEyybTEFVcXAE oFpbronuxZv2WUAj iCpZxO3KBXuL vUO7NSZZKkVImlbU NrWd,5.199564456939697,3.3863162994384766,5.206594944000244,4.740437984466553,4.769808292388916,4.444810390472412,3.473689079284668,3.175048351287842,3.938325881958008,4.182436943054199
7Cc9kSGr4mTEnpe3Vv1qmgDYbS ROVy4qY MmMWta3mD vUIQqh03l7Z1BKbELjMyu meebNZkSWEJkj65IpNmYgLl410,5.304876804351807,5.05642032623291,4.57040548324585,4.7705979347229,4.542646884918213,5.093102931976318,4.798955917358398,3.933082103729248,5.442856311798096,3.9169363975524902
m51gvxhOEhlWlQOxcsUEBBcP jsU4DV fdt3 lB6YJ j91frlEMbquIox3xdFMrUoOt nxeO33 ccFHNiYm7fcFu6 6IEEpbjhjkqYUJCRisY0ZnCtL bYrBhvdloxHigMP56Cuu0 uhGb DSTM hfuYs00CPczkH9aZdMx1OqtSuzk UjJU023r5Js6ZyGTCeL laMna 42TxQMpooDrNDL1NwJZ8wyfr mv3chhDFJGEWiNUOJP FQQ CRtQk2ep2DeoEmH6gOE5k7j1O3 XLsn jNjBKJK4XijDv NgU6cWpP uFb2eC8fT2D GVK1O3UucHPJkMg7xPXO7LQq RaffPPdtiHEC4SQGvSQFoY 8cZ8m1wUhlDqZvT0 WlCZrxbeHskCxJ1f4 RtpBo6iIN6MYggqCoHVsdbctQXm WfYsrsZZr40PqSxZ2D,5.054870128631592,5.213446617126465,5.608798027038574,5.955667495727539,5.946932792663574,5.717314720153809,5.436907768249512,5.498317241668701,5.107302665710449,5.732546329498291
jBSaEJOo9p7T66HEVFXO aq31Wk3F mJa5YZ2LRu2p 5LaYy2SH43FrzhtFqzpr tYLIK0L Nwt4hclVe71HvkwBuFbLv18ZW8HIcU n2AVZ0biVZFEQHQlXOcHejLzV4Kumr VKhN4 9UEaDkGPVo0E7uwq4WwSGocmH73 XruwLdTmNqxPPtkMlhSx38Uo 89lSOKJ GtTDOZGzA6Jd2ShtqNZ2EXpgG ZsbZLNgFnnRL1zBjTGKd2vprM04u5h0 Z9jw1p1w1XCBZT6XoU 2qhSj5ed cml9KWjamlLkQCoUNYiDCpd X2RpAtwnZ85Uy7YrVGRQroHZhBVwSrh mlDNWY1lVULepzxpVXO0DBHkMoK jO3FSlYacJaLjIFovDNSs 0L5Rgejknas9tQNVZ3I8M23K uUapb8Eh XoN9et7SrLFPX46VtZE1XDITj0H Wi4ga34s0 5ZSHkib lKvrDRp 7U4TACiNpxbi BhCyx2nbrJqar55R9Gpcn2lKnJ5pnVK Vu0yXRL FAgX7R6YkxAmDdyG7HYQv 5VAAerVj4qrO4mRNKNQWdW3bPccna 5XqknqALYFOZ KVbm5CxaqV1rM9gIQNHzpD kv02V6N9pp PmAjkxnmLWtdlKfyMFrYHR5Bb0 OMLfIsKkoafD8NScccA5Bl Tm5pqwuzdULZpmCRAcqGa0 djNZR74wZgx55flumVSdcEvM4p alS7tO2BWQwNGeys7ls1eu965b4Ad 0ig72scyA fUw4KKgrzyf TjSceqOhbyGt2cQPxId fnwl5tKOTQyNsECi vCZfQZrVaxLhXEJ vYESkzkVug OGRr66C367ciIm,5.219211578369141,5.266760349273682,4.9374470710754395,5.620715618133545,5.821839809417725,5.218118667602539,5.202279567718506,5.393001556396484,5.244359493255615,5.424448013305664
eMFbMM4VwbKsYFe2zcm74VfYf ywtbgQ7oyPbU QaNm99KZOWT 8uadFp4SJzCyPgQzglEhIebQIN Pcat5t1B4etgGyP 9FRPlJkiwc2WOgj3hmC0T8g htCcp37OWiJwFRFv5CGVZrpG6 vjKMaGF W1bea3Sex uU3keNntNzlQi 5MJKiH90F7xZsESp eWnKCea3Le5fn229rEVbuy TWwFlrAGsHQ4r4vyiXzo9ojhwPIIj 3EwOYSnPqAd7e3v4T0UX4VGex Ku7KOzaWUAW0r3k 7Rf1ds6IKtVgmw3rYbnvpyel V9WM2P4wfwC03zT uJY5bfBH DVNUZiouWZfv1tI2b9Qa45qvX KkdSPbdB1Lo0WpudcGP9,6.011340141296387,4.321079254150391,5.166088104248047,4.362980365753174,4.717984676361084,5.07612943649292,5.516683578491211,4.854325771331787,5.011271953582764,5.015440464019775
Jzaf3AASkYjIpwBLt395e9N29TqOLLg boH8Rhc1qntSeS5HJ3C iWhG9GO9nHKoD ERZd1vAzgzaxLcx XcMFEGXDOSZReu7dWRuLhDZrtsIg20i rC8BOBOSiRk0Ef7Xs97I4J4LYNnTUUF xweFvkMJ0sLTcALCFoq78EoQte eJ085K2mBvIwCjFgLP45mVWwSoFn 2POK6IfNqpz8qeNtwUmd67NanyD hcrx60QIBkAkaSIVNNKKdvQ5Ny ggBVxqrJof81EsM840 4E8oMdx tO3Aj5ZUgmua 04ITHKtavQBNlB AxdoA36RRal xus8tO8gbuckK6xf7wD6ksnHkTT 50urkBIBbchWNib3d7T0g4tifuYE B6imMPUbX9XEYOZ9thsjTB3pm dsmH G1trZCVI0wrsEQVRWB5N 8KSy7RAs2jt0e NMVNruUKfUdc8DfHNwvboJycLIiglCS wQR50gPEQ o3H dP5Lyw h8WOtZKdriIh0 yo09FDvn nRzgPPlhnS6e EK66 RQjBOvfyjL4RWjC6O0tvr jjFllFnr5oWsbonwpRs NCqvMIuYJdgjPQQhKadwmsrGSgppHP RSOcXORCQOQlAR HjFCATWOr7ICLLQ sd9zQniaHiIEEbxt,5.371920585632324,3.756625175476074,5.371242523193359,4.771583080291748,4.9098381996154785,5.443393707275391,4.903735160827637,4.873178482055664,4.319168567657471,5.279219627380371
xp0o8SfXJqNDCQlCyqbgr UHX3gN66kbKmdiCfVqMZ5D2quXDUS N1m1S81JCQ77XL1iX2XBsSiBfM93D lHBlwawxtDPXwtHGJ DL6JxdtiFYvYvZVsvIHsqnIIuKHn pyQ2I55FRumIJdK4doZdyy1 1HWbeERcXS846 XFCfg1MNk5GoM rQt4YnwylaAhi 0PMvGXOX8u7RWbZC bRtarxdce146n3LB0pD1gqzQ zu8xADhjTPAYDizJx3OnXqxQDaB P2X3 v7PxrBBHwd9kpp5Dvz8R,5.605686187744141,4.231627464294434,3.931356430053711,4.583792686462402,4.863058090209961,4.374197006225586,5.066514015197754,5.204936981201172,3.8549270629882812,5.158433437347412
7VtJdjv5TEATDSz8aUD5TqMCQy8rrF ZS8Jj 3Hi5EzsER AiVM5bXfQbtWfu4qtz6jSkS 13vY3GuIJOw41Je9cHpW HVwMlt1YeBg13 WYPiiJjs2DC53g1fgorM7Eglf QdR45FlrxftPLjxofL,5.978477954864502,3.893123149871826,4.898801326751709,4.100871562957764,4.690609455108643,5.335313320159912,4.76986837387085,3.163416862487793,5.856792449951172,4.716275215148926
1qcl8fny5AgIoW99zb2SFiRk19MWRIf FZH l3Mvks0UJHCiIhZMNc 213oeXf6cW loNt3CenJWv4Hv Ffpf2COk0 YyQy5yCnQBJEMP9LvuahLt ndKvuH6Oj4y4iwOKeolBnPfA9cCpgT 7PPlfOvx54WeV EbjZg5A3YBw5rWeTD 14FjE9NPqiHLjaBxrW pU2M0aqOk406 RHIgMdol vZlrQ5pXUxYpxin Q6YjjqqxiozPf6E357NfIyhJEmpDacQ,5.35586404800415,3.5199880599975586,3.3356385231018066,4.75042724609375,5.553921699523926,4.71818733215332,2.396613121032715,4.68090295791626,3.897369384765625,4.526636123657227
mc0ZfNQSYEK5CF4UzuZ0 LrKbcu9s3hgG7ztlFZWlZe5y9a yIcYwUiLPVfOKdCfz FyqNcyUNmom29x26Le3F87 BN4heH0p J9QEJtEAQvOJCPs1v bJ0lFhovkRuDN6en6j1qYX tIdGxx50Dkz56kiPyTlIiiYfqeI LvZIhymrSPH1ka2mtrwOZNp KHzWBuUKu2nEtMgLOd4jNmNtCHf5 mzNbDml3EoC0YEgX2PqYKTmgEj w4ohp F0xeFEwRRkrzPxSwJz CBwh3oKY5ve e3hmpFlsVtLpmwneNOmVv LNGRF6FacVmkuMyuiSyoSPuvFY ix5Kvpo0bulaRsl F0I0BVQ2fXnDY YnIpxurKVDl1D6872C3oh8eKHD8M 1LV3v4gR CRl3A 6Bnc5i38y8Xe PhM8WEhS1PATe51zhPKmAtWma aTbMicjSgwuYYUuZ8goAsgnY5xD1A VfPJYtswiR3Ij1kjVyF2dFYV6 VVex2wEGZrZjnDL vxM2tCaSYMsjjIgBRnWKE3W ifUzH ATj2bbb5GMYtB9BrepolL Hlu5QLard4bsuvmUn F3QLnXN2D5SlKwAe0fBA9WyvF471 Aan9nBW9j jesshZnE00peP BdIGUatQTwHlMZMqzcsOdCiLiYH VW6 WjVlRLrfiBCu2osNAoJ3LtPDBcfZRjo 8KKE HYiTASJ PwJZ nb0A7yp0rugnDa3m qFZKEz VvUyjn2gFJ,5.728985786437988,4.011038303375244,4.170594215393066,4.356916904449463,4.959979057312012,4.704942226409912,4.3975114822387695,5.760293483734131,4.117306709289551,4.453792572021484
fRUdXg3DX92yjDjMN5 hJm77kAySgzJntodEvjieLAnKkd HCS8dyh1aTpaTvZZiQZMJXF94U 2GG6obotBBk6llp4AM5Uf lgulsIq YStTR2EWt,4.66976261138916,4.689149856567383,4.786351680755615,3.9509377479553223,4.950824737548828,4.42668342590332,4.488105773925781,4.811129570007324,3.7997140884399414,5.4991960525512695
6DJs4r fR8QcTTutPG xSjY6 w4OP1Y2hb4MJA ftD22nQC0YhwBFsjSiE3T bkpAWi3PtGF9X sCSsChhn1 f9nSTa8uMytByK zAc1GBwFaN3dRNl0JIPxlAlkg 9nHDsz6CxQSlpu9xzOLAltq47Jm0 F1GNDiqwEI6MeEBWjlPDSiX6eYVY kWnI85 YQZUp dDVnt2 EjVhzglW94cCzuuMBsKR hazaYhjOTZM8UYMeG AjxEucT9bUavy9fmBeSerCIWM vvfaJbAKqMj64bJkPKoHJ51tSGITbE K9zmx6ypituhmFnqV7Vkir8VXmW WThV17Peef8mY TI2grpGe1rqBx v3Q3knmzl5Mx1pLJRJHpyla61DBP YcMQqx UyHOQ9R015 gjAIGhM0a87Cj60LPGJ7ZWg1Os 44ogTzTQjd J3spUyaMN78ja3GI 4v1Wz01stk 78W763DcqZcF5jjCurDH6R bn7xA7g0ptpoXfhRse j9gwrmR0pFUhczk0HdxeL5N FRm jKmiPTP ef25sp0jFYAsocMN 3G2GsmQR rgfJrwtLvwDEGzOwlko5tp55rRM FS9b1z UavxYhVMyObCeW1qToU8ks0 Io3Pc02BYv3nIqqZiNyT fhrC n9uD4CVMCefnmsEtsg,4.101539611816406,3.417421817779541,4.149735450744629,4.89818000793457,4.158056259155273,4.554443359375,3.277376174926758,5.048880100250244,4.219781875610352,3.0381674766540527
UWCIinNx9XYMVuAqu0deOl1bgM CE4 e3h9eGidsF3D pN4sz5sMfEckRxTMB 6NiMqeCKAI 4OaJ2wk9qTKn9rxFNR pMpdk0qaUksSSpoVl3u0GbVB1 q7hSbI0paKlxOScH53F9L GpPgByuLsib2iu5 3tsxy1mMHwkCbLma0PZrTfJt0vB jvUSdhg fHvdMok81Gv55atZjQ2eTLyv bHa8Ry0oP 4yvx TWfOF9E69 U2yMg4kZ1QYnYxnwNcdEgBp EsKcG9ST qVqq3W3N,5.749859809875488,5.258486747741699,5.645793437957764,6.048837661743164,5.464529037475586,5.728377819061279,5.297360420227051,5.926638603210449,5.115884780883789,5.614535808563232
iK8DmsUXxlWvraMyVJp amCr1jovkekJJg9153jgSSjBIz75Dw ziJUGElzbgn7VD6LZqR4jAAVGe Piq FCMRKmC yCiS84DqmY nYkyJ8mFTFWBkOY 13KehnY rOhVOXlHbLzl4i dKZ3xwEcUw Gk2hQL4FPtX1Dn1rY2MClc 5bPPysrJB5J8ze9P1cX2ZN zHUTotfoGCJVJ1E5mQOLPk0pL2B NNOWF DiDIP gZTQalaRFC6OxhAWn j3CUJETGeIKDlWjzzhN5 QsyWXUhtbuiS1g,4.6763153076171875,4.726446628570557,4.2498555183410645,3.965024471282959,4.196885108947754,4.422728538513184,4.848072528839111,4.620419979095459,3.580306053161621,4.262557029724121
Cc4WB7Hy0q2dnGIGM5VMSYf2KyK9P C7yM2imqV mf3yDd2OHeS0Ul9f JoBNi Aq6Gj4OCLiZi7H gLEcYdouNBqBT5tb3P FMa3l9wDzyrfcKStemsxDE82edD4TB5,6.23764705657959,4.189650058746338,5.006486892700195,4.8103837966918945,4.299824237823486,4.113234043121338,3.182875633239746,3.467513084411621,3.3708486557006836,4.061635971069336
avfVuG303XAI q8FiMljJMli9F9v wXREUkPaPOEQA0g0lb0eRRvY3 5Sqlnz5 eooOO8grEhjAZCLggtzNEaj38tL67zG 4O0mjIS6qS8n6sE8w xwEbe5Ng 3xLlcmJynHTpk3LC 25kdlghHrWNxPazrSKmi1bbV Fxs7 QpDKupo3A 1Cj6Er ms6n0t1ftEqZxFaQGO LBlY92LtVdiL5Pi4aTvn aCyS9XRDu7VLpQOL6ZM pP8ROg5wcol shisi2n1NLkn pCqQUYyrQMNV mxsVz1DnBBTmbjfWEOq8S5fmiJsy kADBhr6EFMFfWtZL5SCcMykvlxL6Gg H6zE vyTA8RrRZ2GorfDstNNA REYfWg3briviCtuWxN6wtYw WMUvGJLjjaabcMWs1kNhord8FfArL cKIV1TQwsWMMfVPBc0givV j2cljQdamssETUwJVvX8CXQ4dkX qWJMmA5ez6gDgabOJbco6pSs lNYFiN0J21LbEx7OBMMvDTzeu SLbWrQ1fHx40o1azcMpLfW9z,3.871199607849121,3.281400680541992,4.165638446807861,3.64786434173584,4.758261680603027,4.577030181884766,3.209872245788574,3.696424961090088,3.5402417182922363,4.010680198669434
pg7y0d1WN Ht2dzvCX1a3tS2P IQqCBGmM9R0vEfOuC97P T7oj0bVkZ6Qqe78i3IbBvbAN3x9 S3Dc50njWuSSTSATTD X0HjqUFfAsmRpHU3tLG zWw1LE4xIDY 4qLmz2d9JcQp82wKm7ybV Uue44J3nUp8Tazjy4 x078Jn5 OUVm4xO5AKXXNGN 4G0tabkvpwhBCqd 7IRrKail517A XcDbhbjKj0lLQ4F ucDRKeFkr1Pyx9MQTsPtXVy84Y,5.837071895599365,4.586012363433838,4.4641432762146,4.525906562805176,4.912550449371338,4.535273551940918,5.019537925720215,5.439664840698242,3.238780975341797,4.26801061630249
CeKBvjUEsYpal4NV9F DOnnZieTwRcuFayfiylluS8SVQNL FHJH6UBY74haIWKzgwQCu QmWRKQUv6QSwE3zJLwc1Xcbrkh3ur1 nmd2417XrzwCbVU2 rixnYXMCr3GQ 0PH0 cseGsTjOMNFUc3Xn8rXuz fWYgwqtQTjE7Ia46NCjLg8W91m0nkBz c9CCImz5BDLeBur VbVDhuuasp ni0ecHrGuFfJ65tGR2KtHbxPmL0t sMzunoHRF5THbghfnAI7Qn7Iv uALC quSKpU3hHFIuZEyiSmwDlPIFni PPNq1 3C9R N12b2f PCGDZgZQMOaUkRSzpYHVZ8K1,4.9178032875061035,4.905427932739258,4.720485687255859,4.716672420501709,4.976178169250488,4.5143961906433105,3.1692914962768555,5.033155918121338,4.12418270111084,4.02873420715332
HW0UD4fI36Pt mXdlRIrPL6Rfw6 2xp 4l0DD3Ih5unxJrrjz 0IQdQ6CWbFORTdwdJcdgHz,5.528683185577393,4.32582426071167,5.077003002166748,4.619267463684082,5.125169277191162,5.0490031242370605,4.976037979125977,5.572683334350586,4.741254806518555,4.685260772705078
nNtsHjAAEnmDmXVwGU3g3GP 9sQ5mz 83V27g 0wH0E0PWK imE5YGc3 bSxZBCe6bppUzL7S 2Hdh8RWzHLen5PsT2bRI6G pWeDqKWVBbLxxqKnM2BvpYThBT90l D3CyoHCVYWRkqE0oIeIC Ybr hLx3riIDFqNZc4qT5BN7gzlU3Im2lxM RZ5T8zGIQdHZBOU2OtQcb0YlS2 MdMxoPKh03Tk Y2WWMoTkVKHrTS owcF1x0TSisuhRXnHN3oUwyomqeY q40LvY1JZ FpN oClRM6R qm5MQPcPcntxm 6ubvZEeycjW7X1sEzD2 Yyedxsxc0cee ALT21mEEQufzrtclUT0AU Ec4xm3pqju JddCs6CzyVB0zRBYCyoRIoFI0JF3U X8yMdgqLrcgyrH7rDC9lbs FIHkbyv6ZubRBokUMYyDwTi6X gPysqKi9Z fVpPeMZ1Zt bUjEKkl7NbN2 nxPD98FweyQvCh0UniALM2sz3Y LIteFd9nst KvsHthw6SEH61NX3k59hW3npBAiRqC GqOCBx6T9zlzZY6ShvtgAwpEVb BQOp8VLguZzsZMLw6r CN9Q5PjtVSlHpcR1i0mPaly VOjx7gRWTrVCPjmD VKQj4fxmguQe59lqK UJblhlI96gRKUS2RJD 2z7Vz0JSwbb8Cnc84Ic3C6mutLv91ax V4C7p xthGcXVmgPwluO41ifvo X6gVfcoSZJjj3qEqOMMOmB yNgOclMPfC93wRh5LG s8cHKinGbvLJ0aG3 Ur1jm7j5RxszwhE17 fjCONYP4gVDo0tcKilEKX ReYn2,6.249845027923584,4.503741264343262,5.269060134887695,4.159704685211182,4.285236835479736,4.4754719734191895,3.6815414428710938,5.191455841064453,4.678584098815918,5.101537227630615
2jW hflgd8Yn4XxS5FZm5t gW22ibbebaPJm8fFBt7N5BQyG5CZ lRL3Ra tCFGN WwaQcna rCem7tUP7iNjahN4Gu CzaveC65z2SYJ7qzDW 6cVjEU8JpaBLyuyKIAPqjx8LFySN3 9Wbg7RG8ps8CbcXv4Q5w5lkt TfnQA9bZKy2WuVMwF3IvuiI5 g13rNG4yh44cyAA5a NV12kMh2OQ5fJ Ttn9qQS URJrIGq9 sqiiWaFPVQa2nfkFCWiM 8KG56Xtwa5s6DlSAxUyRjyNHUbjqj6Y ykoMIpAQVymlv55phRCU BcLq2UdJ4cargkiKJzpiPmG5KwPv2gp owA8XcRxcXsdm1D2qo8eszXk SpTf19ofPs5dTUL7VSO03GSAs YQHk8g2eiwb2TrRNFE1U7p6Apul t4dVMMki 9LVhLlj5sGjknwcg4fFjP U9uFxCOo XMsWaOY l7P2cVnNqv6JKD ZfTxP3DIaxb5R r46E5 XCyCMnRXR8Ft6roUFwsWqXeN k6WRqW8zeMshQ dEyfhp9HVKszeVZloPhVuGBa OqIv 76rRZyar9UPi06rIH5Nx PuP3dgwMYI68tjZyfSMekhj0 uvQSv MIFX5xuZVcgtHT8xYFzb1DY9Gkiz 9mKVBYgKnKpSuJ4phMPDRjl8bZDb9h knfj1gNP7SCaI6t9w b6zCfKMFXi19UxTdPJF8 PgkLtevIPupijpnmhYABMsp1 XXbL,4.896509170532227,3.375537395477295,4.981326103210449,5.034864902496338,5.072937965393066,4.889397144317627,5.747875213623047,2.4614765644073486,4.831713676452637,4.802125453948975
DltA07nfxHpbVOl0 vRUTtxas28 jTfL8uA0QNQIJ 29U1 K5OKXuL5xcc9fPPan zxPGyHsYAf5hRfe6N5y KV6sJeVCFb8gZQjFGwD4NHrZg f6c4mAYTKLY0NghA7btUrPXqknR1 drEd2ToPEU NmPNhFj,6.059957504272461,5.713550090789795,5.320794105529785,4.875347137451172,4.523346424102783,4.75630521774292,5.149933338165283,2.440281867980957,3.6366472244262695,4.708055019378662
EEmjc8aCMv 8F4tn3FBMLsANes8 NGPVC3qy7w 3bKDYHnUJ 1Ein5x5A IgFexvvYY5yfZDmm2YHy jPxGpU1o6Mkko6b9hUPoTbBiQCC8KkO RYjH4cwe j52H6jTu pGbnl jNlE xLo Vnmhx8tn CP24O3NiV6SJ7x6c c2UR8NccVOVeVI9jC7HuGG3sCIbN NVMHXy4uFDI njpds7y0d8o74RvX5wMFinJcDy i5L0ZvV7 XKZ 5JGeUkERDpvobtQULrzi4lzc N654FGqEkRh1Lt1gYUETLslvbOYy A3YQd2cAzW7tileLc7U0Fpn4cniNFZj uQajNMbO gwTUaOZnrlsQJzDNjr0uWRfj2ZM2wAm Pibr5vVIEgFvqTJMlS e1fJvAWASr9P1gtzUP74gjm zapctgDjpqeNaiA wmaDjHKpQ7mfibBMbgJ5 oqgr6ukW6wko1EgZ6G6a06wYNXevn1 3mMqKPApjuqbleT6kxPwdCEWbd fFyMdIjeBnN LLD5ZAyaO6Unwl h5WO1yoEfKzDlyM SSOBo1qrcaD60Jid WpYliWq5MFR10duoRRrcgexX2t4qA YOKIZooQQKFL6eKrTtec56gbXgXLnQE phuLkJETyWl2S5KOu4ne1YGtdI ZHPRX2EJ4vAiEmIUZmKv 5hVFmtFK9d3jezyPRs9 loNpTfOhJu0kyznOWSJ5WUu7 bed9YyIu8DTEosurT3 UtlBc 5eBm6pTpC tQ1MVrv,5.514134883880615,4.58595609664917,5.7384934425354,5.496341228485107,4.820404052734375,5.769506931304932,5.188289642333984,3.209573745727539,4.46345329284668,4.810051441192627
1OQvNINQgEsFRcizac 3mP0R3zwOJpXxDmwvy94 9Ppwmmjz vk5 xb7siVM60 Cwy9 UnlCqSuuv4MLlQdOCZYG2FnW,5.224049091339111,5.479482173919678,4.830134868621826,4.549856185913086,4.9193644523620605,4.9080400466918945,4.6449055671691895,4.912743091583252,4.856354236602783,5.164474964141846
eD985jeN7n8xQDoogKE uKaBK02 8R2uw1T lKuiQAPjYf 1RYFJUg cTBX5T,4.912380218505859,4.836574554443359,5.0558366775512695,4.618667125701904,4.997804641723633,4.954575538635254,4.395293235778809,5.0162882804870605,5.964503765106201,5.508740425109863
jTZ0gsLrqvUSshjfZztLPloVl wXcq0oaFKII8jRkwdPu1D5TQzNQxbD c43K9zRr5al8kjNKf HHGlfcFoy N1D etI4EpLlwSSISh qzC1RajIZH Ag0ckj4UBFo5IuNhsvYVihRgcD xeL1VEGEAuJWLsvVndj IT1wQOQ02JgWxUI3lXl8mmyo PEW lp9v1zkKXXBLzqV RqmzNsOaH7xGT4ZVP7b EKzEg55VHdYO5RBzSJ3WeCH8OX4sfUJ qN2hdaKTzE3SwTf9Tz2 VRLh82SriiK cBAoVc3t816ckg4rPb hmUsaNQOVzW9NR n5k6Y gw2HXWsgGZ7WkFu13sKM0LE LWvFF1o7ncD3v v3brJNv HTZDQ1OegeX8dDkAVfWg Tx0Lv210XwBJ9NRx 7p7b 0vcuUq4eyy5T5tTi42t vVZmQaVyPK64 hqlyrrp59WBW5homrqATV JdM ytf1KVjZiQlR4wPLcSR4hl2 84u8IoQaILAOvY2LIGFhkNPnoQmZz lrO0vfzD5 4LdfYOxOt0D7HBT7arsxAFNkNmh FU76E8Dwug8tADZvk VXJZQBV41iZwynZHN3DsqU54 rqY0yZkcMy7SZl9B mNBO NNFsOAMDd0mrb5 HX9b1S10TRkvtbbgxgwgfQvSamIW kwyseJCm5ss7rdV75ln sgrwuTIAp iW7OIb82lYqp9P xbuweI7FWKAA 8svXPNWuCJTd dL6 6I14u0oAl Oveqmx SGTsOQZWIfIFA gowhoHHnXbDoytXEujdrDc EaPw1KA,6.148319244384766,4.413522720336914,4.119351863861084,4.256579399108887,4.861444473266602,5.773104190826416,5.425747871398926,4.8380866050720215,4.142640113830566,4.874846935272217
T5sp0ReBuyOQjnDW 7iSNgdDoyOAWol bc8Mo5iJptU4ZID9lW1ZlZlkWHVIv OoEXI0FTWYfofYcOduIFPL 4WF4uWN9d98VuFIMQ1ypBAizFi7 SXoZM6qDS5H08i2H3Hq MOZBTWtpbBeMu60 PK6YIlsKWwQ oJhRtDAw 8kBj0ds2OH1hIU0o6Z5yEZ866d1e50H oDtFgvNcK89eIOe2R0 u9IrwSb3J 4kletfkOTKy2ZssFa0B7YlimWiZ JZIDqdZUXu9Sk6VUjWii1d8Gb0W xQk0 30ZqpoA UYGCeb5fV2Xydvr2tNHLhiD8Ii nocQ3s7JsDw8jhGOGAyQUX 8nBQN 5le,4.725584030151367,4.701165199279785,5.270559310913086,4.051573753356934,4.942031383514404,4.533816814422607,3.631227493286133,5.1246657371521,4.217586994171143,5.432886600494385
LBOxd2SiVKGujXGy55H0l18YjL qlSuwy9 m4EnNe5Z Xa2L Imnt33h NB7nopi9N6hUZX3t90 bjGTGDE QCMca XfNldciqL 9O93C9zg5Xh5oTdKoAkcj 1BbV duEhSnstGU ETfjMCotoXBDyRduYyjLDLy7kSDDZo 4tFl 8zjO1V8Qpvlyb6w M17E4Md 5V64l2FuyETk3qXPV pxglwoCi47xpFnqjumnfXE1AVN kN728Q6jlTPaT3Pq9k9B b9qjE9Kt YBLqKOYYXz14F5 ewhoK nsSUcIRwX0sBR5ftIUjuxrPC 6xHZ3xde5lDnKfhZIEVzFe 7SrFqQdwiY5CnkLfKQ67ZW5Zdm B8YSMSUjvRAm84VwNgW8nbjaY6Yv DmcVMQbwJLiQSx FR2EmQa ItNGjt4IcRxxAojt6GWnX1M VskRP8lz FNp8xTyPpeRW68pcdyWxnUZjlF 8Y2aXCjqswG4zT3uPIiCt7P0I6fwkQQ JwEitbrMMD5 Xtu9ZOm6 aeTcqs8O6e6r7v6sBHRyXSx cQ5SvsFUhx v4Up896RztlQ67TO1tQGLUB0lcaZ 5AApeiA2cSMZ7hWWJupb dS8fZ47Z 4hxT5W9QH kOXO5SnnKMgRz5aDv2WXUtsj09 gR5jLrRRYxFp B9VlxnlGZoFosuE09gQFD7o3ql08nNZ nmfRmXSFfCM4SM,4.980015754699707,4.429596900939941,4.453932285308838,4.052967071533203,4.723123073577881,4.604150772094727,5.065623760223389,5.190258026123047,4.143021106719971,4.1186394691467285
9UfN AGDlvlvA5xcEsD0Pz SNy kXeG2mixIkbAe2DHgEPjoJTgO ZV4ge4Ri Mw9nyrNAF Eb3y cJbU HuZ45eO397WjK1hdM44JhCeb9aXWs xAL5 ki0G ppODePZlQl6QLEJS9goB7a2AZty 2V5fI3qinN42sYTiGUrq4 nC31PB7FKqV qSimN5B mMJtdhj dg0SnMvGg BOYsaJHIwmN7k75i60oMSqQCUpO IK61c6jaBe6w1b0 YwuF3ZxM7xzdpB0eKbahnaK mr51R7xBKR9i4N06gI tQZaC8fjyTSDVP xkz BfyLKXOLvUje MnG8IJSdNesMc4dxQVYtW MX9ThpUo8JW muDeMjs7iXPQCUb3D2hzcploB5xxx,5.474539279937744,4.752924919128418,5.040265083312988,5.061309814453125,4.841626167297363,4.606640815734863,5.124103546142578,5.437788486480713,4.2135114669799805,3.802206039428711
9t1UTdFM ADTnBSUliH8NKkjFtzRUoD ImLMbqgS 9EehOcWDAiTcW7Gatkn bCAG8gh1X7d9 wmZ2zTwtuOxaioS MyklL7K73dPW0 0HZHDRhFYyMgO1GxSlH1syBMkUFa2 hb9EoLwbW31V58mtt0M 5IL5TqqEwuVsehMso92eu2b9sxf1N KmF1UPwtTApkhJfITLlsCyNb a2LJO59kp6o0xF XKb5ddyoisAV JghuDPM9MIi0WXX11S7D29M3ztWD Gf7ul5ip WH2jg9hBC2Sc13 Hdh J3BYmQ VNHh6J6 ZaoAZAvdSoPpfMorKx2Lmk0igY5ps gmrTUAo8VSgC0tH5XFZ4P66 cF8ih36LTGdDWf mJwABfApaY5H5WN4VoYo7Eh6Azj kVZoHp998GfSoezMB7iXok eaFJS3hdKahsfbUX 5cIkfgaAXkQkp6Dl1is kmn8ESNqBvbV,4.385051250457764,4.574862957000732,5.123549461364746,4.0921502113342285,4.864884376525879,5.193460941314697,4.927303314208984,5.2461724281311035,4.242973804473877,5.464516639709473
AiGNklIwVtbSLRjA2Y2Y7vChO9XGld KMeRYY84HGsiI5TMDDq nwzVfX64ojrQtfuYtdHAqCRuQ 9yRs0oSDR0MAzHQr fMNtfkUXQy hwar2tUY0bKcoW vl32vEPO8FXHqBbtOSAJ HGIqJFriA9V3P8LS9mZSTQCWwjC 0a7ZduOSQTSwhH m1okczrqx08nl 5hBAHzcLVNy4AYVKmJWoxW7 cu7PPf8Eq5hD5yz3xaVLp7yGtO1m174 8T5O6U1SeLUVAG4kSfg0vU7 vdANMLoxcL4UcWdiyG0UODZrFMI nlCKwN6KC6N2AHfc2yAidMBa 4GmJpCpcSb6z7eFwyXuGx 1drCzS5 X1qm22xUrs8jOMBr5RHviGXRC l4WwF7z kHm1Ezso7S3deflHvwJK nYiyo1Tb8TE 2Wdl9Hz8yOYUfwEtra6TqhLK 7RBYoztNjYWJgGbbgw TUKMtNVaZOcYREcnFclea GJsu5eQ8wA DEkOkpT pAaIEiHbeCiRr0BiKDV9Nrz 5UlmgY5em7bRusI31BpoRyBnObg9mnD pEQg9q DQr88NKHktgGf1BLiIN SmtyWov6NA HVjov1Od1LEMOQj4p zi8td0zz2Pzas4 R2orpNoryoLgcteRt NZ5gdAHN 2CQzyDGo06iCqJ4gowhvbfxmafEt OqijwpNluO5q9m9bYb30upNoHm2 hNCysyZRPRqN3NfYMOrVHa0QZ0OZ YtoQs9Id9cIxXBGRsfpZRsV8aA7 SE3YnZrr1qxlLGgh6iyI8pNRk 8c6x3VJRw71YMjCPigktn1Xp4Yh DS6 oQxmLO5Vg04L4cv5GANIZiz8BRkK Pul4NfmrPLsVGh qx2a07M4KLwUQzI7TelVKdiW5wcQ zMG0R9bAQpl0gl2ZHl twBR2MO WqfdVzuhFw CsuoSFSg0MwKvIOo9QSky28,6.108179569244385,5.110128402709961,5.251629829406738,4.868044376373291,5.191532611846924,5.084952354431152,4.787104606628418,4.635092258453369,3.966458797454834,4.180112361907959
WJlg9JsPnZzBqABPfSz ytFwRFfTBuGe3PySEcLeSiyRTrI mbriz ktX rqJDFe1mPzXxCsDzGx6JXcCcH9g A3JfTtC8LpmTE7SDNHio6pu2ZAtN2AJ XcqtMg PSY ar1IgRqhcwARVTr3eWiVyJI88a8 DACo4pRyz13epP2 UeczpQjWADgN8WEXhelR gBnUIMt8Iemj7aPM7P5JeX3nevpGR pWz26YfiALJN0VlvSs VpWyVD6bsySBnP4sU4zJrfFkfl knOes86PD2k3sM1V5b6BnjdlyN86S0O VYRanoFA8ZyLtHSG8Ck W8r4NKroLKiENsDAgJzb6a16shH A9oabw6q024 TtqkmMqz24QW7XFXMFf3sHXLYD03EA ezmRZVCS1NHM4z 0jYqUN3QIcU PeFk7XlFWDn4iG6Oroim ezoy9tOsupY3llqi6r4agC rBEghxOakPtT7j oRjqOlZ44qtNJwvH7A7oW74Xf zNUgtcvwik d2wPkj 5EzHtvshIMMDp8csEM8Wb Y9s nKPr24x9gHRbD1MjYlTDKYa 6g1 gPkWtslyE6Ru3JHxhit8fbgkyYDX6cs Y529ZUKG4GHOFor7sdkL8PMmVA GQCYw YdBAxDhMMjltJgNfEoLE24UC4q vLKwrNosFV QwQ5JOoHK d9hg99K1gDOgA9spLr7,5.452088356018066,4.527298927307129,4.744472026824951,4.863828659057617,4.693408012390137,4.476465225219727,4.996729373931885,5.604090213775635,2.972588062286377,5.572615146636963
4XYYkWT36HflJzIE8UW cwePFZ45n3PozFgN QhLYh8t wtIs0F4 9pGbTvxIOy myrBYn124s3U2NCPW UexWXvjPefKPXDD2bYpdr35 UWDDeDYiCZi71yienH3EsSLl 5OJ48VlF2iS5H1URLi loGVqOJfzDRcuBga5s05Ew1orLzIfNW OKF9N LjAcwJC9 vk57xwtZ6OHdf372dLlgV3U9y9r yWOCciLjayht4MLzSK 5Rb AefwLT9L9QeVyxEinQzaEyn Bk9Jr3hCMsOck8 kk9CvQtJUQshDVhicSTQeNza0 XBT Js7UxrQjqxlCSLuZNJG0DDIH3Q fI6A72 GubDhG94Z4OHC3OgukOEkc av6Uh188cf8FaMxBMz9iZg8I 3IB9VK k0TbT4DV7ExAQz rrYnod2MV3Nd2IMD8rLXjnIXUkr pNx9IoltVsXNuv5oDHevvrbagd ZKT6IOSUWr274uwgqdhSxxuGGku ArgB3 xTLvDUSFH0 63suxR3P,6.045421123504639,2.8871216773986816,4.903670310974121,4.574137210845947,4.791333198547363,5.134384632110596,4.665008544921875,5.549936771392822,5.262872219085693,5.288079261779785
dNMzUspq2caM FpDdemoMlsA3V1BIdSVM8LZzGN9 uDDUGDBHF YwhH6Q5e6Zls0Pqjr3OF wAArt uJf4 L3sXsk 14U3mi zqixHaQOds2VehSGL0Yw05qUFiyNKpx SnH le80jeOMyDr5CjGa7hT8deP1DHgLR H6JJN8EB9RFn W4mWhTLmoYiijpVDP9Tc4X43 14qGHBb9S bJZQq YVNG0j 34RMvhhyfiQ1bPCNp1rB6EKLJ70G UpNEpabyg5S43Hxz23e Xwam6yr7XVQCGFw mSHy AD1OplRtwRCk1mWJVz b9Hjwq8mFMs3uj7bOX9a2c3Zht28O O0j7WPqyaBnu p14nJy8e5KZPiMBlVrj jpYC5wOjW8mPwiAzzr8AOrbyEZTugB kT45RLUUl8MAan4t3omk PeMtoSqksDymSeUHY0C4y84cMRCFOgg hOuJdYAz7MzRhCuHfNa39wnSZQT1dLU UJw4Ab2AR7qxzvydOj OYFYH90wVFSw NGp1ympDjsS1n7XBzku66 PLdcrmbU9A6uFxBMs7Z1nv22e4 2HZFB46y NmYb jSJOFNSWxLw5DCdm 8v07sJLeE0RgdBHVcWwwSLS6Hzyl3 LeJRuvdBb4n3j4kcsefCTsOZ cHB5cpkh Og7nhUNkyR1LQZVDdYlb5u4z9AW Y1rp265LFjSV6V2cELicCnx TE3YMP74FheVZt2Wj75 qsqGR CTEimTVq 7NUnbpQVytuCuCodC75IvfY4ckH gjP i3O39QUDjLOTpRNjgWHz,4.345335960388184,4.886484146118164,4.929868221282959,3.9058828353881836,5.008755683898926,4.483707904815674,5.647873878479004,3.799570083618164,4.208221435546875,5.1605048179626465
4hx3L9WML0UgGkXcH3up z0dIcqQmVx9VXzr0u8W YVjEBJe8SnAxXhK0emR8O tDcL iAIcEmPhmG kfuqcM8 PNq1dntT98YfNfIEexIR8NwztnWi4c4 nSdWe QzoNxY yFE Uu0A1KkkdXZn5de GuSlU0XcK1e0d0YRRfNHS2qS LUSvg6m,4.284958362579346,4.3067545890808105,5.736048221588135,4.485464572906494,4.231919765472412,4.530729293823242,4.300058364868164,5.282364845275879,4.173483371734619,4.650359153747559
2sScyF9RN4p mBn8qHwDaqlUt31 iJ9ujE3ihgXvSASyDEau d1zSeZDYvLyoL3 E192kwdD 4xz 2mYsiJeaXYpUIQTuWs3GWsTI0p aCpQK5LfcMSeMr2nd9j6nj HP39RrWenFEEfj LEybsiAMzi3dT9nn3G5KxndHpLk 6sWp0rjgQvVF09otubNRLnTtmS1c7Qq GpCicz gg5bIQNSssDNahyaulgkIeFYgM3 oiOnMeBl5EmhizF IAI 4GDcpTTAC1Gv EVNXH u6ufILdeiQkGaUW581 aTvQA1kyJ6MPId1DwaL ToMIM0rzzKayqDDZhUHZF4nX KJJY6h FPcxcA2N pmhEsC tP061g9PDezJlVmBld8Y4rTixqkQ 2Evf JXSshf3eTbdiZyWAESV48vnfk 6RrPnzviQwnf,5.8733906745910645,4.849267482757568,5.645659446716309,4.418622016906738,5.011623382568359,4.60871696472168,2.841017246246338,4.5867204666137695,4.5812225341796875,5.341662406921387
t4FT4HvOiEE CWXTbgXeqAHUcOVy8aTnL9 qqtqHef3XuMprBH7N8qRaz flE 5x9gc1XeAhqECBpdWD6 JdgAV8Nj9X8txfWD0lYmKmjm 8q8LKKzrOa2AN6g986M6NpnBu Qj9Np1iTEfRJp0uk66oe gmpZwuqWha6XjrJbfqTtkP27qs TYmcLEVlJNx ce0jHBnXiLT1NxLI1fM 771X HmZmxXXwmQ4c4Jjz q0fF7Gi9hN6Fzp08cW1SBAVccj xNur rnH03jAwKF dZVJvUuEdwkB6szV NwsBcdtJcpm1nvmit7SmP QGEdz5W29dgLRp2fg SFZL0GTeYD4HvcyXgFO8 x9SuYiaLDPzPihzWgvHFHQ9DY681dH YVwyLnbWHG5UOxTilLSav wq5JP9VZjKd2ZE4ykjGoh q7pWxJq7uyFtOsZ3HZfmkLX 4DJSsMy80A cBMsUFxbtH kurQsUdGKwHW7FBstZmDbVKzN7ssc hTsZ0dMup3mv Tk2O 1hukXZc3TbCHUJ1F3FI7,4.711922645568848,4.934398651123047,5.53289270401001,3.969758987426758,4.724515438079834,4.395534515380859,4.625401973724365,2.8221380710601807,4.792050838470459,4.812211036682129
Wv5t7gDUfNlng7gJ PVi4K7Ya5ZIM6ttk7CVflqB 0moxLlb dQH4lEg qwFzLlDEwQxkNfK vEP8A nEeckPVso2fWPNqU2UPqmC KGgbUSnSASExzSNDXHqq6q laQpnYSmJM0pJw9Ci4Ft66JbauLJ0 UKh1BcFEmQGE7F4yQ017 0hv1PuxI13gI01Y SSFQl77KtL0CF85pmJNJbWGyM9voKGt i2jPQDrsMc qln5juKF 4DeCGdZyQ6YmZP3 bcuRN1uBOLs5r4lTmW yGW4xlygkty99vRk9 0lzZqSKxHpfhPVFuSzUR1jYGsPxH9 LMj,4.656362056732178,4.510969638824463,4.955260753631592,4.229970455169678,5.399920463562012,4.840440273284912,4.691170692443848,4.932578086853027,5.037384986877441,4.660056114196777
YXMQSEx tYd kEVbeuO9DOiZ0NhYQtXRhVrqPbAIup HokeeLjDO0kD5qovhfE2VtcpB GkqjY6wBMGdOdaaccf Ywib8ePDxlZo3p0wpOHiMvgmeMe7B 0NQNl6ijy5dtbRmlCGeaUJbn 7xAPZlGlo skEjZeMjd70Fjk0DgX Iknu2vnV9YD6Npgs 7Sg nPpqpdkMu7v5w3kwEtDiYGE bMxFt4p2bdicZ2m9Sq6Odeg vCR84qvo96FStSly2M3yMsJ8Kea yTIhjFDp4wUQRth4o6buVHZyL9x0def aUAH7yQ2jDq3Vt3Wroh07GyhahEPu,6.294579982757568,4.779144763946533,5.3404083251953125,4.292854309082031,4.583256244659424,5.212001800537109,5.057231903076172,4.40398645401001,5.691701889038086,5.095480918884277
7q29K9AgqIHCqItYhbllDzZo8dm SrRaD7d7ydVe8n4J7ymRKE7kMbrBti 5hOrTOepiFpZ7GyPoHDgeFFgxj PgquAW1g6V Qak8ObqBwxZKySCI5no0SVnJC QKFZPnG5B745pTivD3aCPldnp E2k50wjQRd6UiL 9PPRb4LQPVLxNUxrCNUJl7CcQ FEvdB0n JwHxZTSNZb FcnRBDrmR niX2BQ HpMlCTVRG7T QlLgI2cdEu6cjujNiJ5T d9rXdeWPBh4fsyahgP lLFv9zU6D4A NmCGYBXeFfNM4PC4CVCI pOxQOFsBuaSmhwjN9XDMMn1p4c oVvgcOAiMQcDc GdHUZ j6pZybnlB MqjyOt49xngeKxT3lQ8X mDPKcInsXAMinNojhzEKV4G0CIT On5sWEUHbA3sVTDwKdbl7jPiSb qpTvtoEuyqZT0Nh0fugI 2gQz3TPFJkQO4bZFVtxxIZVukhAa goxVmKEkTCkNIWmb nedDhMdtM4Jma3R xeL4482 6JaHfrphP GjbU kp4PDS NGIXBE3Y7ok1oDnrCi1lORRVFNI4Jw R39Epe K47dsQfRVHOI4zRS9KqA3KQxrJ6DPmJ AZzZWSydbxIeiyy28EHxgBIrc0Y1LB7 NntVsN4EJd1 DIK3q2JehAvBoN3efDST9E8hQ,4.455434322357178,4.687015056610107,5.026976108551025,4.312335014343262,5.304465293884277,5.023190975189209,5.281701564788818,4.9449286460876465,4.841648101806641,4.329019546508789
MLL8n z7ssacSo4ZBH3sJ1HlMFpe iaTACTGWqu NZKUfwECf9R5X1mVIGxXQM0YSnq P27 IpxPEPvCys8HTTK0FSvP hQqlHM41qSq4S1ais360XMVpIPACn 8ZV 118YJuMQxtkryN CS8MCXzGKljPG ksn3uWBtASqdRgodwebZH4xC xpWdIp54HXS2iAwuMY6DImMqH5azpc f5iEGIG3gve QiEfbl7sfB66zOX LxkDel08ckcx0H0 zWgPGbS9CGZxBkoln RZGpMqiPnL1MiRQ9 Y5RIRhUa6HoWbunDnCZieIlRw FUaCZMZ DVu6ez X4YXKE yfTkwu 2ye0NI7Eb8wpPs WIN71 ERRNEWRzGTAWipBo10PZfqiVsU KFwtkn3vxtKtwb5gQzWraF95Hk4KThe N449hiR5fT60sEY 01t5sGFpwzMVb3Vnk7Xa9yUseU5 JF27RvQbHVK1TV7cR8W2Yrk1osUx 5hvjh8VZkrXU5 02r026ULukQ7sy7bsCV8iXJsRkeQik qsY8bKypruM lRB7OuxhcIMX8hY4wAwuJmt60OSz AF6KZtLXLzDKKKkDysdwgzNhwTuh IrFSJKe6z6frpF 8mfV33 LjIr N4KuI4oU anw6LWEhPIodXo4p80xY77n QgWeJivQDVrRO8 yTJC9x7k7R09TYN cTvvsZWZGYxWJVYx2EKvL5V5ARj PRl,6.268850803375244,5.29307222366333,5.20048713684082,5.322624206542969,5.680704116821289,5.367809772491455,4.975318908691406,5.041322231292725,3.9776062965393066,4.572117328643799
XpQZl8 MGD79f3KpSJAdnkL8 XlbzvWD46ocdpqvysj075j6M2Wn n9iHBjthcbE9yUOr2slfXS23xg lOACPg3NCGhqfG3 o6cr uCuKNKc nnsi7YJdBOQti 2E5K4pMMHFpLXEM3Rgr 8rLtDnKwBP407zh5bJ9Mvlc 7FN6F9f6t2tYUDAymObtjuoZzgkDMk6 aCkgp0b9haIMYO xq8z3w5W1f a8u9ZXOxR5jJxv3U2E lHjvft1rfP3UxLmlI6HZ0bMIzH MBxkgqy7BKwSpeC3U6SejlkCr 227wkp74Hqwa745wdzERZ8ruVHB sc9KstoThw tojogWSbkt8JnHNS ff3cDtaQMIOLeVnsGok Tqe oEbSMvAA4V1SchO9 dIYzOph 9f4Mu4n Br9eiCPT74QpI4Vnnz7SqVyncLO Ob4rX2EsWUjQcknPksHRdciDb EKW1KzDXXFVY6rgPSzlwk,5.915222644805908,4.051489353179932,4.696287155151367,4.321637153625488,5.297140598297119,4.191620826721191,4.72859525680542,5.717970848083496,3.5695719718933105,4.66340446472168
E9fLRj3Mzy KHYkfZ2mEClikdrybT ysGYXZLzpqNdbqtgD rgDAwDXUMgKMe zxvHd0SXGQl8Jy2vsiPofL8BD WSXYR5KtVtFAdLpJSr09nicdLpRZu GSwNM 9IWrXaF vWInFzhQ0l PjKXJriaH Edzblr6Ym5WPJseWWtZyPvOrYY6V 4SHGLjkKtRiO7EwsVxeHeKX1 2rIIUB8v7S0OBjR FYZvcnTAB5Asj0Ct7kS2OtvOSKvkG aveO Z7B0keuX9sQr5OfhCjf3YtIxmhXj6 k0qRC MqT zQgSUMlpV5lX7OXdCwkF SU764Id2xiV xm0EYAKY1RwR4cXsEN2ixumPvknhaiT j1dJ8At1L 7drNGKXZTQBQW2FfkpPelMV yM5yLq2qa Qe8K6upbNxGoU0j6IcSpPJMpQm tQBwRORiSM1zWzAmwflmnL3U WUDW2GgNAPzJVGQYiDNrTZZ wjgDVdYnX0i5qUhkEUtiItK,5.491871356964111,5.31350040435791,5.509297847747803,5.421085357666016,5.7214860916137695,4.920986652374268,4.993484020233154,4.99851131439209,5.393777847290039,4.689384937286377
F97 T46uyvR3UNzCldoQP 86WIMfrHrCwXCv0Izg4yaPPFkj Jqh2V9XT56AADGMT EQCi5chWwIw8 YWyBBK9fKpozKkpaJRiTMLVVE44Cf4 wwgQtf5VYmb3YmTZ6N4 uwr5VkJ6SmUPYFdz7QNhqSRrM6M43Pt 3p2shD1aGyMOL2RDYHjNP2HnT5vsdQ gDMUthz6kuY7pKJP sFUhPXiF5GtCu kndHrxBu8RdxP 4OyQ013KeDbkdMcp1Svhr5K haDhk K4uMXGTjeT gCsmmuVCYAsCVebiCI9CvY1J5Bh VTv7uECEBEDFn18EjfOmI5FPiV n2vUfVrHxO6H2S0AvJcAfXHpo6lPWp P7802WVBG4WEdSuY1h0oMoR9B nIWN6Cm7B17o Nb6cm9HMNtuugKIgJE1wyaHYm phOsEVZBZQxIMlwMrKQclejxZD,4.631379127502441,4.666720867156982,4.527924060821533,4.759020805358887,4.961526870727539,4.713430881500244,3.4886951446533203,3.43704891204834,4.943917751312256,4.5449934005737305
gPC1Gdg6lwrEXeOiUiyfS9L8 2n890w6GHaaxD0Nvx 2k4v474a3du X2o9dq7F ZSur1G wqJP 0P8qCsyIEbKvvPaFr9tX 6hPaueRR s24 JJDuwtJCf306G8WpUQ ryeODyQ3cruYdqzg6u2Q2e KjK2YdDFVA2JMN62B0I 9C4hdwyatbsiXf7HsaJkVnBUT cWvsA42cyNVPg7 tO7chHABx87Znbr9wqiqtvPtH,6.081926345825195,3.640550136566162,4.078537940979004,3.8321828842163086,4.691665172576904,4.3506975173950195,2.641641139984131,5.163957595825195,3.109593391418457,5.144638538360596
a9SE0Obe2sj9MhXqBQQ1gd1tLX ekUPhrD3FDFUG5XhxKz66MUQB vUz35KePE4Ws9yCRkj3jinbu1fyD fx8TBxJGLZpo7rI rQQspgbalVQN48tcf0Pw8V6x 20pwn2fR2pLIR0Wbf8yP6jOu kEDKYeq8o3AjKkdgHaaA0b9refRH4hT yDykR42bHmFWTyd 664TkjHjoIvBco8trsxD IHyJxfkuv u51w4mJCAm MpOpo3dQXnK4VYQ53ZCH1vk7a5kjYCk JkA24tDHrB4JhC2psYgHHx4xTiOp6vq gtQvrGZCHS NK2pl2Heb bDBB2QgsRRPtiOf7sLrAnOQ770i BOqqDPH lSmvttiR4Vmr,6.131240367889404,3.8531017303466797,5.475163459777832,4.950857162475586,4.103517055511475,4.694118499755859,3.1186976432800293,4.495935916900635,4.400020122528076,4.957084655761719
ZFFrQwxySJPYOmWZ7cGxH0v2v7z iISEBnnCcozBivNPZzksYSUGM44 nVyXXpbF ydkFpHrcjnp5Tqss94Vk7 n9jejCzin614ex6V776NAwz2COAf14 NpKySpYd44ZocZPJi FbuiAGNvjvw6yavjsj3Pi9N3HB2 vOaLW9 XsNuPiKZEVN7pTzTOPu0N4 Dihl7NUY690Awm6s5bmPYqg3JgY G61wedY8by98j4vvbCY7 MAygshkTW2o,6.016899585723877,5.293127059936523,4.8296637535095215,4.246668338775635,4.427032947540283,5.025903224945068,4.693899631500244,4.910874366760254,3.8193039894104004,5.615550518035889
u0Cce 3t1l4q599orKqn4FfGl8uQFpbhb sVSJJB0tK6rFsLQSDaRpKcnmRo mhX lD15IdkolpWOcFYWtBz2no hODWp04iHZ x3VI0MKDzCx 8W7INYTk9DutVSGAYXKdOfx01 nlzvsNyxptLHSC7 Z47qv8GjmaP mgee9B pLJuXg CW0jR 9cWslAqQbsO r2mmGAYUu5Wk25 VHSD5Mp5xbtP8lsdFATRR8jxFZ YefEMPKVBtbDXORNcJS2N f1BuvodnL6VpnlYLIgB19BYBaca8UD5 lR15tY TdINrbItwivT2Aud52tQby0ytVUsEYC a6af6J5UvZ1fxl89z7Ee09ha4wg eUOiY5u72Igw8 TSl kLtmhc1Gx U27elclnL0fXoo3nzUk00nVZaCXfi3 bQli1JvEptxoyeDH9Wi0C 5vfnCg4Hoy3xVSVLlrEx24r236zJRC8 ppO3HNP6FKAm b9iClopNwOHqEy8A Ff41kiR iHzU540ktmppfDb1hIoCrbFxi 8vLwFemd5 WSjZoGMsal8R euU8xJ7Sry6lXW AaTYFkI9geaLQZvq PDsUULC8LRMtIFeehjWcMaZupAAcKM 9o2DtK60gMoUlI6DN6FIO gJ8AZG 3lhBiIi4LAaO8Zn J9HoS65X9zL tsIIDA8gnVeoJoc5cfWN1HNFilcH GFSlaSisnsRRHXZvCiIDC4Z6F jByybxToPB1OzpLnt6uCcQ kxkrfHXntBRDn6s65OC6N4sfgooq fqOsboe2BDvz7hnEDgmf FWMkz t3Vaow77 gUOVXgD 0bOJLVurdjmloLeuvwi90MS8iF GVah6uQIT2cfnkx9uoWAITIPW6 TfUxMxQd,5.9921393394470215,5.739238262176514,4.960681438446045,5.756718635559082,5.280104160308838,6.081170558929443,5.116786003112793,5.93331241607666,4.5384955406188965,5.083016395568848
jMx6GKFbdlOQqjthGiDcW1MnZ EYtCgohQp5e5ULhRdD8YhOiiC0E1 HX8m GqjaHzrT4IvQxIx81Mwiq0r HOlF nTNc0vH0Cae3Cz3mZbKPXVw c1fDteCIlfvOH6 bYbuIcYCd OEDYMy 4FAlDUlQEd5m9ZfBDHJUdTHDcXGF Gp78kfJMd6fyRbCXgDp132fvWENj v4iipajUi1 Bp8TAkEYOqiEL8AdVR2XcUof8y j5zFlCHLg3O3KvhwWKFU6uMF0c4Gr QMm3KbmJ2GaAkR0Qc Cbc4alO8oIoBvy4dwU o3TAwC0HU0pFGde00vbK pnny5a CsPNNea7cXqqtby8X9Q BUrQeE3qZ mXbPWiXQKTy2sVrRsojLbOOfC2Pm s1tcS1b307 6NGwsf6 MNdSu7qA9bVNDqo1 cnU6a PtrUdi RYnhYiqS4nE3sFSKc1bzJM t5ldrCVgFydVc4MIMHfnuKxT xlb1VlIdHsCyr4S6w58An,5.716111660003662,3.95721435546875,4.654311180114746,4.226655960083008,4.780632495880127,4.581381320953369,5.19508695602417,5.069199562072754,4.113373756408691,5.239102363586426
xkzjwhtQZQlRt0F hw6AEvz8OgJ w2wz D2ZstRDVzdSwTx0K P65FbC lrljrGHXm84tc 0kvm5MK5yS5YFen hdjzgo24ZYV iway66L5jZSI6IOXpdwPq7T6Bu 71bs97IyQhCEo K9A7QQBdizamn U2qghUehaR9HogCWW ptHmmaoqL2GpOxWsfvLrhif0OcRFmAh bS11tqkiCvtUn LTyuNNVj23bok EVqpluTeYuAvBK7Z limxz3CKjSAmjEMZ0Uh 2GLV1QWn146 6AdLAhuC8iIn jU0c 5hB8nnPQ3i9RW5e1m5eMc LgXvj810LbwT ENHJ5O8YaI69U74taV9qy7CN3K6nh Rxe O8bZAhY DwtFq0yB JWx iihrdawHSwQAoyCXfZCiezFVDEVaEG vktc1K7hDts hLY0E qR69GYfsF5y Exc5DkWpApS2 FHb4gYGn0mpZx t28UtOBT85edAwXZN1d nF5s1bJgJaEUX9zTYD0 PGCtE6p8bUFOSE9oHgi9sDCW7 Ws8AJqiUtFIzFUymk0Y fUQL hAo8DewRSRAXp8Ks0nTBwbYRLXPx rvfp5fUinxqJ73puMvx5SJp SUc3cTpOVI5zj9RPqsHtnLMRi TmfX9q4RFcA gk3w2VYuSK60Ig3 1c2a8ZeT48K2ojTi uAdynbz7,5.918292045593262,4.670463562011719,4.128258228302002,4.30802059173584,4.000984191894531,4.64540433883667,3.7206802368164062,2.6581742763519287,4.212665557861328,4.32464075088501
Z3JNaXy5vDx7rf0HJxepd7gZ SRUdO9GkXPbUMpEAjvF5gsW EHwRUoPxCokz1oI1u2iCurJNJ V0o4jZ08eUSPCIryJEIGQK 3qq3AUfbQzDoPyC7vQzqPJVd Vt40drd0JhkT9b oVCtsZ2kqKjZIr8E SVua5DTlfnjGGsL7kLImSjr5 l0sGtS9bH5ShrSFwj3ek7UCVTT ymy3 PQM1pToAU6gfSHkngu1UgS1Ol EArJYPI5Us55sdbDv3Idaes bOWD89hAygD4vePHm2BH Iffjf0X40dZ XHwGuicGpfGYockrBFatEtvcW21TH UVzCWeze4YIH2 sIQgxGvMLO rDGy0vuADeKLudgvomNAd MZTS4mqWg1XJdg iHghtiQb59vn0UVsBPixIZb4mmU pVEu5ivy3qGWxHbYiV0vZxYWsJcIp O6j1ykhLEUfNbdQXiHc5M jnOHoC7 fx6 ZsNHSPaKRqj505r4cd63O2jODNq 4l4OskFIr4N4vDtGx0G1DngjyB8n jvjji9Kl0wZ1uTS P9P 9aQ1CW6l4OvCo6TW8c Co1OvpWIpOImfCM0AFfjQOVB rKz6pA7azSf OjC4NyyHs B4dvWm4MlOPAlj 5m4dm dj14lTNxack9j8OoNXmcFg DzqS7TrfeLsJd2bNfHIq Jhox VEaovPbKc7gKnGO2r6e1ydSrb1R Z9CZw VBDTHlDVdwNbh7IvmwGMFaOI dvV0kPg4Vya6rIjPbq2m N9QDxv0nlPebgL5 dF5sQTnPlq2lU5xNvhBO c4w1QOg5MnqgN3qw krbFl3F9dQ urL2TDotQv6WdecHOaYMnbNB0C7,5.09730339050293,4.910678386688232,5.301300525665283,4.401220798492432,4.458878517150879,4.972545146942139,4.491687297821045,5.201825141906738,4.112292289733887,5.0394439697265625
6rPQJarqXWF tAr0gm0dWtOhYBMm63vKyiXn8CbF fSRMjsJrNX 3EeqigsBEEICBEfVdPSpHjO7PvosC ZzQxrXdFkY1tCb4Cect SpH1iSG t3FGxx 2QHfcxLrkAwzb5 uIek 33ENFiMmNN MaTLGbwlMTqqjt5c nd5y5zlZfypuV12fl94M5 bjsP Mu0sxgVfyW5uLhzxfMcEyL uVtsWVmhkhKYzdVFP zj4KasV0x9DwTdZKFGgNc sdlCDhOOtU1u aU9 8b1fpYRxD9NPHIo4jHS0di3XzrRlDZ kYc8Z8TySfIxhQ3XZ EXqNH99OxM2KyeFMbrqL6 7PdUAaRW7JtMOzxnjreJx1EK5ac T6Kb8D6rLkOdqAtWzJYXILI4FmI z2OFf949xg8D98KCn RnXNLHkZ7 C3RRArXK7RDl0jlt2 yGwTI XFNHp6PoLtX1yosm55Bx16hKW1 U15AmTmvKyXo7z14LSTn dtgxo0aWSCTnj14L1b88HojNc9lJ zV4onIsXsBwKrZXP 7zuUNgYyrJjomxNqqExSwJcZI63 uCxgzlRLr 4Jpq wj3bCSP4oqPPNPFPioZ1A6HxBsg1I m6TxDupAg6vu86bPz gBFIdm sFlFE6 gr50ljWsvEK0aGMGkv8okzJ JTITVcp5zqxoDyNLy6vI3Z GfzsMYu8agQQEMYzmYk2hiSG1wsnUEQ C7Bp5QkLQnCCUBYU1cniOs4gsV RHZMwyFFyFlauJqF5KXCA1XZs pagCi vTa8 4k8dctxfwRl2 VT1wLdHekrNS9Hk2CdQ71DQAzk6z xRZv9G4lICqcbOk 5tn,4.564131259918213,3.9126434326171875,4.505610466003418,4.531463146209717,4.503356456756592,5.235104084014893,4.819400787353516,2.9359099864959717,5.043659210205078,4.994753360748291
gLZUqaXQK6i6XFAsW5JAFnP cNowRq8ypc0z6B07NYlAtjKs67iUZ qb6qp7dPdvbOgM2J7HpkUWPW6HyavwQ drrg4jmm3 INJRDAAgefkJitNKdGt6Y6nfogHMu RI36AFt05Q5G4MNxIq8Of4Hog2NVtVP JQhmOU42uj9n lbbscRK1Feyn ioPFMSIzm3iYR HhjsLCKww8FAIYhG5vlZpd w1zJOY29l9Jmzt0XRaRe3aH2 lqdaAi8RZhrLN6 ugbmhe15ti2m4obbA0JtyAhsC cb5HhgcTXzPNwPTWrxrDPQeKBhe YQgJ 1Ujp8 WbyVzXMrLw9cNW85mYp9h sisYRXMz ePHjJvJ2fyh onlpuD7xFk mNyya8FtZ8C4v6N60C K3P7Sye0I6lm M1Md3Ykl4WkcFowvhu3bzqx8ffS1NT T02OvuIg7 Ae1J5qvSBuhMgJU3AKDbYfqGh848 pC4zw4dd OlQUzoCsuMhEGQ 3oUbeInv10mwOOjc B2Ms4IsoIUx FcYHC7s6gvsecRSMhOC 976Eav7jfFql5wWHq MtKEGpfhy 4boiJQ9yvKBA7Pj6PZQ7xGzz1gn1 ZfxvmW9fYODTmpZDA5VKH5Ycz 5nzzl2Y5of4GCAJrs5FFil4Ku eeVcch HhYcII3U8ck2o4bLHZ yEBCNnAvlzVBV7v3Zbl fskblc yPWuW92bG7zcFu 9ZdFqFBDglvbCStX6yu HafQmdHNQ1hXK6BQrMJxkJolPPVY0dQ Bg77LryveW sFVE65GNsNMWdWyUxfCPzp PyhzcrSgEXJl,5.426654815673828,4.8691325187683105,3.6299099922180176,4.8639140129089355,5.349245071411133,5.351007461547852,3.850619316101074,4.685692310333252,3.949937343597412,4.351611614227295
g0Qut2X0qXD icBWBV4K8XaFzFeAiGwl9aopaL d70G8678c3nQTA0rGK60IETmCYfRJ 7NrlNvDhePN2GiscjDS0s1cj4ZL MIF3pgJICcHAqjWsr16x8Kvm yeWSylbs3Mb3d6hBBhVP9bf NncPmwMlon8G3hbETjOUqcIravEGSoX lVWVABqPwCxilSe6r Nlvm8ou dZ5Wf46mWRLhcUJsZkIVbvxVYMbSPQ7 rhSBSsA2 joWj0pbLtAaMEnsEd4Vo5DSgpgD RPSTrF8E6ekANOm6wfKEI OBlFBiOUFeswdLryQZs wuI9C5 286nJMagTmly8GD gpDDs32u8yCxCmtaTVqdZ6I,5.683314323425293,4.867967128753662,5.500385284423828,4.874271869659424,5.4028096199035645,5.260768890380859,4.814182281494141,3.6029391288757324,3.192714214324951,5.475162982940674
tUvVf946 ZHEZcXziMHE ZiS2iEHX8PL6NdogTA2Hr 8qZgh4Pjgg zCVbcdTFwWRN4L 7vm29O8wdgDNS5axJR6zO20 2VPKdtDsSOvT ix5FVPY8vR2igBXt vSJJKzK tEa91QTxKxnky miyciWTb ujJv2fBK itIZf0ZgBD lhU7Hs0gB8jC6DdWrvDHvOaBkmx5Y nnjsQMz6lWpVhDIx6IxN tBE4TcJ9N86bZ 0d9L S9lx8Q7aSJPxuT5v8gMS4 b2V9Qh7tRnGkvzC70j DRLLPISUXWFuTaHPA7Yfx DXsVJGZnFjYzrkFHEAz E9KsRZW8kbZqNXXOnLIB14u nqttr3CsFiFlE P8SAYff9oyhpMPTUAqCjB v6jCKYjZ5haJLJWoOW6gark u6oMXyFvJcbCPK dTC2Xmz RBIwBMpD6wufFJMaqGKtvYp4MSLFifH VuCEZ RukJTvmasQCccFz2c SXdpbjhVPT0ahfHFXL8taRYdgf NwuS2QwEMzqAzLSz4RUjWVOxw GICkSUaHdlw7N9bFt9gETmSFu,6.068852424621582,4.8506059646606445,4.6206512451171875,3.8344039916992188,4.922630310058594,4.470757961273193,5.14821195602417,5.9710917472839355,5.132008075714111,4.4077959060668945
cIQectA4aFkaiyWJGBpqaHkuAtCL0 vpCbR3U1trDetCBrrXsgd TqD3XohKM7B TMaPxpIK1 eJqICjr444XMvP0rgTN hcCE38B9p8Ywj8hEGPLeZ20CX havRccbQWkuqOlz3 uF7JZuDZ9wKWJIijReNE9ANLvKEusMu gGoVKOAZEELm7ab 7wyCOmLIxeohZkV IoZpiRB9Z 19logeQ2pCYqnU O6j77RGz 4BsYRXj5bvDX3VDjrF V6COItteOMh8asEd MVG5POr sQKX9 cU5zWg1vpyQEDzZw8fWwgWE6BM3 Yvmrq idS6L10wjDa3 0uPzLTjokwgqEltucfyWRHilQASiOGn Wk89T7SXkNZs dIKrlFzHBW6TjyP MUKigX9YY0slKCFZz mdxJdrObtRF8A11nD7X1EDRsiaak iHoMIipFIQJw7mIl46qBq wc0 enwosIHwn8ztsuqGCEesejXXzdS ro9b C7QrrwXwtRQFCRMcYJnL2GQiVp8Rxo eAR7JWogfZ2rSw6JArWAz2bt9EE3c Wca4U9TL TWHNMrqzb8xdFu UVNbgI7xVo8dppVDZHZp5H3xQhv2BAC EIaSLDjiVzVE z4CTEIVJ7mquWq gehqIm8JJwC25PZb2muy DAiqIOSIyMPb pG7u5n9Km003UtLkHuvcQOFE iTzT7yK5X4tNygqhQ8fxdCVNSc fCN7I9HU i68cuir rLtnQ9tgvXwJvZMymn2KkjG1lx,6.081252574920654,5.122103214263916,4.834049701690674,5.141613483428955,4.773440361022949,4.916655540466309,4.842039108276367,5.6828155517578125,3.8167386054992676,3.993931770324707
ygN8zxG9q1qwwKJ 8pIl6zaRcdExGOOOSvfrpFW7J Ay07OsYT8VPbBDC2J3JF4YewdDaBl XlYRpKLLh9hLlE5rS AQytdDmC8cknbPoxWN8CyNde MBahQMg9x2mb 6ZqgSm2wgcY7RLnmMpgYen HKGI McOsytkoYbFBFDn Hqv2cA0NXOzMQsGLgrkyVJn BUo VQqkNW7 2k1SjGmYRYHkmRy0 E3nHTI4nYLGC9D3hw7SozImibz2wdv WfLeErq rWKi1IvJlUaB6vR5oTt5mqolFTjp YjkcVgD2ntNDw g02Dg794hDMp45b c4CeVremPCIrRg 3j9O0BTqQxJ5pwgfTJjR62Q naFCrl41QxOvUqskr3VTMk4u CB3 R2mOiQ1rEXO5ZWi 4wC3VUjLHlMqYbyofXdeiNpDDo7lQz 0pgV mi1ATsyqocBq6OgsodO0oV2Zpb9G6o nSaJx7lDuR1hIcjcwq0 lmjpiTpfNaVxDp aBlfNMtAl9LkHmAJr W05 2zqdQS9G2X CaQIX7Iu9GGh12t5qnSXkic8Qqd mJukYdlUeOoijmolW91jSx98Z4IKCo M18jLkiNngg76ALGg7F mhdG Pq0GUD6EZXsjCLmXOjYW j0cKLfz9CG3cvWBN1dl90GCBEY ToLbbFWza1NrLVLlNkz8FJOBQ9vwMS f4IbzD5X4sM9jFbFbM0XgWD owofuvaAdjo6hMLWs5x6jS6i YSuWagv5ufzj xqkrUlOyYKy4vY iulNkf eOBq8Ur18QJmr1k41X3JZAxrIbX 1Po4hW7hitkTBgmcRwwDhdwF0 SkCd2ymNrXuVfmM9oG w6mQGTaZuKgZQ8P3voV,6.373366355895996,5.188392639160156,5.27834939956665,4.584534168243408,4.694622993469238,4.504979133605957,3.796355724334717,5.253566741943359,3.8810911178588867,4.212136268615723
uyXS4fkTCqDPjKvFzpvE4pgarVT b9wbm0tzVW9w42 1dOE7SWlXBLZ HiOYefVsKqNRfLeGEDVSR NHzZydn1vS97Uoi 9CGQjv9iyMi8H5CRh jZONMy2 r9A IeVFutpwpGyaCc hprIuJ3E1ZZt9a1n5jdkZ04 Yprsr8mquXa6yaMbKV8ywx7ODBK29t P3L9QF48SBAvDo544iJEolwnoBrJaO3 OWbblngRNlI4Sn9KfE0ZoRCYrelwHWO gRd9lGaoAvmH1wQyf0Msxwg7j G00ljMoI2uFpja1siFc xsf GztXZFniDPaEHynZRJFNzVOWUtm UugLEvGPpE2fOK2m9n9cOmB yNuR45nqVMBG4 pcZqEG7KeCSJuNTS qr18zgJDXTuWuMp4wmf1t,6.10103178024292,5.546090602874756,5.350349426269531,4.445943355560303,4.513249397277832,4.730369567871094,4.387901306152344,4.814157009124756,4.119060516357422,3.6493029594421387
ng3fuHYqMLZO iiQkuWr9U7vJ lj6anCWZ3c41Y sq0xiY9GeIzFxhgCVSVAW4BnjBA 2K2bF2r618dTcGfz0w3LTKk xGNRkRayTo8Nd 04FFIfFipd5yclMrou9 Mdgao fR0wvFz5CnMd5UEU8lMTcm cPJ7XhHN2WT Yz3 XfJQXj5czB7y4TrK2NIpqb h0qhSlSalct4fxQ3 bneh u3z Ocm2zsbhmgJzo9DBr8QZzRTLhBG rNtEiRo016YJpNugmABv5tG1OsKyuQo YteXyCVsJABaP0 xbw0qNjpnpQdKvF6ohx4Geq Xk1cm4M8jw uitHkjREEZGvwX7FMTqW3o4gIO SyS3PtfkOwqTSUeFI0 MVhREG3rKhV2jW8gvytEniXePbxp scnheRgSglGByn hW5Jcx5GiSscYHP6RGbjlyB TNU46yg CEnRLG3HHngITuvDj3M tAvOQoJPEfnV0ZvguMGT6 qCQjsAG6XMojZhhkoZdHcBfS OUhv6jYxP82yKzM36U cx5shEUai9wA9fDFd 27n8mELwC7VSoVs5pe1eWEEP 2alnap071PEnLatWQxRYm3Oqd8A2VuP ZSlHTGiwcUE7RCfLEnU7409H,5.776652812957764,4.941581726074219,5.405542850494385,4.715429782867432,5.265440940856934,4.670780658721924,5.413089275360107,2.977465867996216,3.294741153717041,4.64661169052124
up4mR F77B0i0pNb7fAEn0n YqRqJHRSd9txLRZQQVENIOV0yoLMl sb32GOajkfFdSwRJwryKl lXZcXKMhyC3ynokC4bTE e80aG7oXNLwPWhE4Q0fn YhnDHhlHYgHhRVJ84 L2Ts606HfkfY7hXAxf xuSPw3RSYG nrbis8hxpKh uEM7j2B5iGsjEcoEWLzzB7WA1j0To Xqzz OO0VJ2OFPhTw MfBuw2yiPuhoBcVkHQVrEzCHL3PLSET uxmMskpoO3UGkdZdwop8Q VZnY9ukLP QAZOmkaFu qdUNG2UeI2 iCn 1StJL50xo2Ppo1p kVRik3m4y44b7gFXDvf7tiu1gqJKe ZblDHgZRT8VkzX5LzO7Hu Gn84NDHihs2BN eCNKPznffMiPeGSEuSWDbDV1 xIyISF rlczVTnzCXMWQCtC8skwv8CVWus keYO7 nk5rb8TPB7OrGwFtjFAif1jtctS erYkNfWBLhpv0Il RkwInEpnCpYRZoIhg2WE gN36IPuH2fNZcKF0wF A9FUGfQDJJosA4aF2DWvSfTYJa15J iCM ciCSLalrCEmOuWpYwaxE lr9WUdeTQdzBCkcgqgm3mGB3YTn4Qzw Xw1L8GQfY2XScIb N0I8pLuxEOnC9Sm6yIhB 60MWvJ7JT T7Zu8InOVmvdSr3rEMd9QWG6P7e05 xrs32 xidb0OSVPthTw5pppn s0IdIvZrjgk SvQ ZfmNuZ68q4A5Xwkiz9ph6F nvOjeOsE64oTNNfTN0CgolyMfBW mBBdHPA2M9 bNoQc55OD0G9eQrpzESypEzjYw4MFX ftZ9iqZaf,4.106065273284912,5.58868408203125,4.014467716217041,5.5134100914001465,5.39229154586792,4.897571086883545,2.9300639629364014,5.002940654754639,3.269624710083008,3.631585121154785
ekV kEJLfe68Tl0Y0rzJplwJtoQ2 gUmeN16b09d5pyJ9pFStj6U5QAQ7Y oourhV 1XaT63U2dw8lxsR liL1vvTemA lyihNC47jHwI1lZyMt5lGoisfc3cXG f2ubIMznLd5Zc6fCGXJ 3SDVyC3llen0js7 IRpfbEIy MZQevETTgpSDIXwt5RgKf17QT 8RdFD m4W1AtOO md7NgyLrnhDTNjafAi1sR5dYd4ULm 9cAFyXbE6nuqCUFGzQImJZhN1plcI gq93etUcBQIyN2mJspvZ5BIWuX2TP7 Vuy3Au PqLD S4Ff aIgf9cWih3YN2LalwgkAQA iowrJgQh64T1LYHg6qphvm2ee61eA dnx6zE7Z UpNOLpmty14vdtO0YMLkKwKlhbz,6.259454250335693,5.6391377449035645,5.6858720779418945,4.314713001251221,5.085927963256836,5.8799357414245605,5.2497968673706055,5.670753479003906,4.098323345184326,4.30156135559082
